loan_amount,interest_rate,income,employment_years,credit_score,age,existing_debt,loan_term,default
16795,8.966971842242124,49655,28,709,23,33796,60,1
1860,11.455775491654,67632,15,609,54,27933,60,0
39158,20.13529393768968,165265,34,367,31,34581,60,1
45732,15.82907778287916,181848,33,413,64,38281,48,0
12284,24.357567073614877,194297,2,519,67,21187,12,0
7265,26.31462387345857,199884,3,519,66,22953,60,0
17850,18.541160455418996,38895,4,772,26,33818,48,1
38194,23.95668230140148,172281,9,685,36,24702,60,0
22962,12.67261282986425,43086,28,597,40,6278,60,1
48191,15.374280385001954,105637,31,552,58,44566,48,1
45131,22.819441905420774,178279,30,704,45,18036,12,0
17023,14.655299820425768,127334,1,791,33,47495,24,0
42090,19.71262337897472,171969,11,656,43,24583,36,0
2685,9.634319477062787,83083,26,727,55,4708,60,0
1769,19.99428287426245,115028,4,514,57,9476,12,0
3433,26.53784268067234,86957,36,679,42,5318,36,0
6311,26.715990995585642,117551,26,513,52,29269,60,1
38819,23.10861015823849,98506,22,397,22,38627,36,1
40188,23.64383447690315,158355,32,827,24,45441,48,1
18568,18.948186128767517,114024,3,827,40,24754,12,1
20769,19.61670225414562,101481,20,834,42,39361,12,0
29693,8.341264535262951,20255,23,848,18,19979,24,0
7396,16.096479710532527,35487,30,627,39,4910,24,1
28480,16.269407097159096,39346,23,464,21,36022,36,1
42434,28.962445891693505,55050,9,415,45,4453,48,1
26658,15.777171565582236,28744,1,449,65,21181,36,1
19942,18.73356612256894,175828,30,817,31,23365,60,1
19431,18.33128498197756,81596,24,331,50,26326,12,1
3747,20.91904292610818,176218,3,592,21,40705,36,0
1189,23.705820783297398,139640,10,476,59,4177,36,0
20118,10.626046904271803,75032,16,360,28,3429,12,0
36773,18.218110477460893,62687,1,715,56,32952,12,0
2899,25.647942682900762,197175,5,682,49,35901,24,1
2267,16.57786784593779,173048,8,306,21,4978,24,1
32551,11.961438659339326,82863,4,384,18,41466,12,1
12394,21.367726883907476,151663,19,697,43,13773,36,1
4556,25.594184894978074,26277,28,692,50,6174,60,0
4890,6.578507323184783,81860,20,346,34,21796,36,0
42606,24.41976208518068,153332,8,640,44,11877,60,1
31740,25.54119832404428,44741,27,797,59,17722,12,0
15502,16.53807318971517,139720,7,777,22,22555,60,1
22777,29.582641420461684,57211,30,725,24,47225,24,1
11627,24.667708517682726,192614,19,725,42,13562,12,1
9792,24.341564122391645,26869,26,814,25,6546,48,1
44323,23.695964360301794,107616,7,428,51,25258,60,1
44021,8.765202580456851,114515,20,548,58,11706,60,1
9433,10.43077216132527,170494,27,430,21,28943,48,0
44001,16.599753286610625,186685,22,622,29,22315,48,0
12016,11.600108748986646,80110,5,842,48,10352,12,0
24897,15.38102430835101,54033,2,365,28,34497,36,1
3612,27.211602748073016,65213,4,400,54,9609,48,0
24483,25.60817229698173,32938,8,330,61,44974,60,1
49555,20.750996961999554,150842,6,490,53,32786,48,0
18159,26.45300985627759,22274,3,714,62,27228,12,1
45974,24.59430972543123,104390,38,799,39,49616,12,0
41994,15.724623296022262,182887,4,345,18,8882,60,0
15541,10.026628801248627,170033,10,388,67,16268,60,1
36920,17.85502600023348,40044,14,674,21,5310,60,0
27531,23.40572206321375,119372,33,545,53,46572,36,0
2585,15.910489968239826,173047,12,556,25,24463,60,0
4943,21.66929774459743,34706,6,651,42,11253,12,0
24939,7.35818565727609,157046,39,404,45,20404,12,0
20457,23.700118409285086,96464,5,636,69,49314,48,0
2021,25.31784049732655,41213,38,825,55,9827,60,0
12653,22.67094639451353,21950,29,600,53,10938,36,0
44573,29.18158968815914,30411,21,376,53,33062,24,1
14417,25.66630143651601,148603,24,810,60,25154,48,1
41757,27.577343196913457,197228,27,529,58,7240,36,1
10692,28.3392770864412,82744,19,331,63,39612,60,1
46758,25.033699796845212,168843,38,357,21,1585,36,1
7873,21.856471050162476,55053,2,403,30,10541,24,0
6675,5.1429645340197325,158117,4,611,55,5427,36,1
1161,16.645643830578116,77623,0,366,62,26747,24,0
38065,19.279057465559028,49714,14,673,42,23196,24,0
27557,12.60075681119999,185458,25,534,20,15620,24,0
34763,12.952611172586803,129283,2,411,49,49346,36,1
33606,29.02898539275413,28562,39,688,56,9033,60,1
12534,27.292771630068646,75048,33,707,18,31070,12,1
30127,26.229475137542604,113295,4,353,28,46922,12,0
41397,15.150295042652765,32026,30,538,19,49104,36,1
26851,5.342463760222864,126147,12,594,22,12199,60,1
2016,7.005556161392851,51589,0,411,39,12776,12,1
25253,12.804909205440092,128199,21,387,63,22727,24,0
25276,5.393572824891924,117274,14,775,30,2931,36,0
24247,5.428744547879953,46844,25,603,65,14843,36,0
25300,27.915082541060276,174519,17,604,40,5699,48,1
9529,22.653962552976353,110415,8,589,64,21224,48,1
18262,12.723899751703817,74708,0,507,48,27321,48,0
10268,8.31611444002383,90825,8,669,52,7636,60,0
22271,17.79089294737693,71574,22,519,55,1860,36,1
13185,5.133654021359112,105548,1,530,58,14989,48,1
22243,28.4603435964536,169884,13,648,52,48005,36,0
40099,15.37037798472368,84230,37,554,62,37135,24,1
9571,15.058373880933319,192700,39,751,30,46422,48,1
40976,14.764840189544554,60581,17,441,24,34939,36,0
39044,6.733208259694119,197700,15,368,22,36062,60,0
49984,20.958055994795664,45105,28,388,46,13801,60,1
41774,23.325090490708835,99830,10,435,25,30398,60,1
3568,21.903134939707257,89157,5,822,25,4747,48,1
3027,8.460887333234858,183514,2,741,24,37160,60,0
3695,19.471004200889816,107235,13,337,36,5238,12,0
49190,19.237112104306348,22347,1,507,56,2834,24,0
6258,26.71026969853455,67650,31,509,40,48203,36,0
23002,14.478191459391175,168182,30,812,53,45676,12,1
40504,14.287148591485856,155995,10,659,59,26230,48,1
34159,20.46317646795464,144926,21,300,49,7116,36,1
14986,20.826816337487827,101147,2,680,62,2928,36,0
13666,16.73213068314476,68135,30,836,21,28179,60,1
39660,16.076484058260526,39199,32,693,47,22134,36,0
4561,17.35369176594707,160138,23,349,68,39262,36,1
27854,26.526132487582796,121583,0,695,59,34440,24,0
39952,16.52917253134775,112290,14,331,56,8190,48,0
23662,28.49829479924556,187647,36,844,22,23828,12,0
9392,17.60009408990815,140787,26,533,20,4350,60,0
31535,28.730017329522283,197805,37,325,39,34055,24,1
14067,25.820797546726894,134427,26,733,45,43686,12,0
49033,14.060783065395729,168063,11,360,39,16036,12,1
24599,26.5910355324154,173625,2,740,39,28700,24,0
36222,7.751582105027881,107493,29,429,51,6610,60,1
12837,28.126179383575362,151706,31,653,46,42018,48,1
15039,20.791087877072293,32771,22,497,60,29420,24,1
31818,6.35976871305778,145607,1,670,59,25177,24,0
20115,21.10641809127029,169370,6,446,30,27850,24,1
11965,29.356191353618904,99876,33,797,24,39651,60,0
25538,6.745016365365723,187071,31,347,27,11170,24,0
43530,18.867192744502155,79648,38,471,45,49282,24,1
6056,23.694858743984312,95783,31,614,21,40812,36,0
33482,25.256464667488284,64440,13,675,49,41070,36,0
48716,15.345686633019897,51655,2,832,39,27147,36,1
9110,10.104163979206074,63039,31,719,37,35502,36,0
14773,6.0585569693095955,75255,35,695,65,25406,24,1
28266,19.49315392743062,92219,16,821,37,1066,36,0
18412,16.32277675669027,31244,2,486,23,4970,12,0
34270,28.718609878742775,114594,9,332,26,49436,48,1
7910,6.515122692872745,78595,39,368,45,23350,36,1
46453,22.134883586150142,190623,17,490,30,29235,60,0
26446,5.6241555530014296,123898,2,400,48,40562,48,1
1206,9.285854417763568,48371,38,784,56,4114,12,0
22518,16.339474998070855,179950,9,584,67,28154,48,1
23361,16.371811070071708,187229,8,689,31,45602,48,0
24419,22.1425135733411,25914,10,459,39,49199,12,1
49702,27.755325871693916,47180,32,346,54,38906,36,1
42523,20.97580397287302,154760,35,458,62,28890,12,1
46151,28.83837744628772,100219,25,745,41,21245,60,0
23403,27.04039099694994,98616,26,822,25,43038,12,1
19141,19.612494888269758,160988,37,454,32,43266,24,1
15820,25.844798772970684,115213,21,638,68,24226,24,1
41342,21.06444025809085,178432,25,664,58,36183,48,0
7374,6.963945773093179,57805,21,447,23,12595,36,1
2678,23.514118081487748,164525,4,443,40,27718,36,1
34827,7.3727110316836555,146599,34,402,42,39218,24,1
17198,19.85206951424281,173775,1,392,48,25143,60,1
10914,22.566005146455723,94176,34,585,63,46178,12,1
28890,6.6631902052713805,114799,8,723,46,6164,12,0
23299,10.769866348163294,118385,17,418,40,32640,12,1
44585,27.891805806541246,108919,11,328,27,7787,60,1
44689,20.40786230582241,158482,2,810,26,15924,60,1
43557,11.15715047026329,101462,17,329,66,45286,12,0
45020,22.266994278700164,199340,37,665,30,20449,12,0
3693,19.91941049904224,185320,6,437,49,81,60,0
30467,17.53939249794871,51159,32,774,66,3005,12,0
30723,29.404674374702093,62039,5,691,68,8408,60,0
47699,22.086344435187723,67800,17,734,62,334,48,0
4627,14.386027741697816,60761,21,533,58,11103,24,0
26939,25.0018358019217,114626,38,354,18,41712,24,1
49925,27.114582323029694,138368,8,591,18,44721,60,0
43941,8.130513987920786,194735,34,611,54,25169,12,0
22834,10.013824446131661,100903,22,847,57,30494,24,0
19047,10.405675228194493,191484,11,388,35,43711,36,0
27105,22.28029523466351,138998,23,511,53,23452,12,0
11230,20.075988876332083,186439,39,617,48,26254,60,1
16707,20.474789117464702,156885,8,764,18,3897,36,0
22976,28.519332492237524,79894,12,386,64,4648,60,1
45262,24.39778832018265,71444,39,708,69,9674,12,0
24776,8.198423112794579,185341,16,539,53,17166,48,1
31080,13.687677060629525,81748,6,356,26,26710,48,1
2306,15.88484115439339,61190,16,412,39,19970,48,1
7776,14.899039718690123,60318,23,369,45,3794,12,0
28251,21.73271522904698,188090,1,483,43,29184,12,1
10474,27.297327581414063,144078,34,575,69,25559,36,1
41294,12.6512865880697,59759,27,532,27,15344,12,0
22959,18.79692841052964,36498,18,353,64,45642,12,0
6530,24.73523554783964,45989,32,556,20,38365,36,0
30320,15.405451471133734,176640,20,389,19,31217,36,1
4748,9.202953209982397,137035,9,734,54,39818,60,1
32968,16.873774131593706,86577,8,707,48,5051,24,0
33562,6.380563018575712,125231,37,568,50,17126,24,0
14545,28.55958635005692,181171,5,665,49,4544,60,1
1663,6.870530129874326,109900,34,650,60,12875,48,0
35766,15.961417881264454,191711,17,598,29,4355,12,0
8994,18.247031527213153,124679,18,458,20,19992,36,0
29021,29.63259580718214,43482,4,786,65,41053,36,1
31303,9.15054559107152,89212,24,825,43,46076,48,0
4304,7.860787965308964,50048,10,654,31,31074,36,0
47576,5.2176536765635895,154137,9,700,29,2516,48,0
40353,8.889285921732558,153108,16,704,69,22622,60,0
18675,10.181824476691691,55814,35,395,43,45923,48,0
45417,20.764523539577308,167996,25,691,33,49242,24,1
24938,10.49266975978501,149493,30,651,25,48171,48,1
24664,5.51302036823313,80204,31,587,66,1479,60,0
2636,25.665458637562217,52844,20,822,66,17338,48,1
21080,14.13989252509917,101943,17,461,45,27007,60,0
28728,13.842417164518348,41518,17,481,24,40982,24,1
27736,12.561975729198164,168131,0,848,32,45078,12,0
29673,29.384331928660522,43052,13,381,58,21836,60,1
38505,9.252885432732036,89803,7,823,53,29246,12,1
48323,27.45595159883088,91524,1,303,25,2547,60,1
47645,24.420083303497197,109572,14,794,27,37691,48,1
1854,6.911998887482827,159752,33,350,32,28130,12,1
25548,29.66822753752122,87021,35,560,35,49340,60,0
39623,11.784149088475264,40043,0,433,63,48975,60,1
8392,7.464573175560308,22419,20,661,54,459,12,0
47717,25.732855853143985,141831,0,516,58,2236,60,1
22556,22.666888341942496,121799,31,367,62,20830,12,1
39559,20.43047014694752,168212,19,442,68,580,24,1
27309,8.899521592473329,194556,35,645,60,14439,36,1
22919,16.96240290639905,196282,38,493,61,4715,24,0
5931,24.513900672180345,77600,29,545,52,26107,12,1
33970,12.590598453596005,136467,6,613,19,25944,48,0
45215,12.792245712876037,98497,21,683,39,31764,48,0
13688,5.078522651203053,128611,9,576,32,43394,36,0
26342,9.356085041134488,157559,7,371,54,27567,12,0
38157,26.885140628045857,80692,26,428,56,38665,60,0
3327,16.043662290942677,82112,9,657,53,32425,24,0
41772,29.60586248086085,182182,13,824,22,41432,24,1
41545,14.892699089344815,36360,10,519,65,17242,36,0
1197,22.87966136950603,103038,5,305,32,43949,36,0
24509,12.047976072618228,23017,20,527,44,18824,36,0
35698,14.095241028523338,106261,32,316,33,11898,36,1
45542,9.768149689772367,86320,18,311,53,34480,36,0
16087,13.676559212484875,51127,38,798,55,49667,36,0
23671,18.68093801051608,154268,23,801,35,40123,60,0
26184,29.794322024481236,95088,17,369,52,43353,60,0
28848,21.60504282679464,192372,34,407,42,17759,24,1
43107,9.98114886020785,51921,36,500,39,23068,24,0
21666,6.124036039788779,24746,18,351,48,3669,36,0
45357,8.158912032862766,88535,23,848,54,14382,24,0
16708,19.063880031826184,85350,33,558,51,15436,36,1
27370,24.12900822041916,101131,21,781,40,18774,60,1
3811,28.510480182518673,42063,3,563,33,36030,48,0
48011,5.39557929992052,137116,9,602,23,4638,60,0
7546,18.069003539046747,108913,1,424,32,2866,12,0
35754,16.77168390557942,98946,7,569,35,9251,60,1
31206,21.4013755493926,197043,32,779,55,8948,12,1
42106,18.989471361633548,154670,37,431,30,22878,24,1
12411,22.175978764562014,30564,27,301,41,187,60,1
3911,21.452064618729757,69725,9,414,30,32270,48,1
2734,7.9252931214486555,106134,0,780,18,43341,60,0
19227,24.99294784046799,125940,33,300,65,20962,60,1
9680,8.08081439290812,82085,2,630,53,29911,60,1
20360,22.463265630228427,37862,8,690,66,19098,36,0
19343,15.403634191015168,30265,4,442,35,7408,60,0
6759,17.846268364414946,160777,9,627,65,16679,60,0
24078,27.582450359392762,82471,11,676,50,3533,48,0
36153,27.247093161837164,111080,17,389,55,4140,12,1
12111,25.44640764137574,75828,20,341,60,36810,12,0
38504,17.753709511408083,136884,20,334,23,26618,48,1
2802,23.40599525334583,128007,0,793,34,20654,24,0
9155,17.822426387970232,66104,2,423,21,30775,60,0
9120,26.740152061869438,60934,4,356,31,40501,24,1
40384,15.069395830822497,134420,24,755,47,14676,48,0
48025,29.25588361037192,26050,7,534,63,6005,24,1
48254,28.30806895572194,195024,16,691,37,5870,12,0
22918,23.540065486294637,28484,8,791,25,3904,36,0
21445,11.9853971044018,82648,31,642,19,48235,24,0
31306,8.29133971983146,79945,5,475,54,11973,36,1
17646,26.367586252329936,51323,39,351,21,46976,24,0
47843,9.132557153449032,106332,20,849,27,2261,48,1
32065,26.356519724933392,114605,6,777,37,45813,36,0
26199,17.269125167809012,186433,6,788,52,17804,24,1
42976,15.163919595202605,30315,38,304,65,23077,48,1
17371,27.57976947086073,67968,26,508,27,47276,12,0
12835,20.096274563506945,177591,7,516,45,24680,60,0
46936,19.415350178242946,29107,8,835,32,16862,48,1
3049,18.969148615609942,75781,27,641,53,21902,48,1
32616,14.279237900488285,23869,14,700,18,39345,12,1
39191,24.641077588228182,100983,1,761,39,39553,36,0
48357,11.319961100394325,178442,6,510,44,8884,24,1
21932,28.472374001031877,27971,17,325,46,3038,36,1
30855,27.34963012617402,116805,21,551,32,32961,48,1
8158,13.437008141872454,45651,9,302,27,31562,24,1
44016,23.236594245791593,76974,32,301,37,26065,60,0
8400,19.330579861239787,43446,6,301,39,32084,60,0
43642,13.441232549980866,189180,2,449,67,49210,24,1
16151,29.713041199886167,23823,13,303,65,11801,48,0
2154,5.630933646206605,164526,35,796,26,20957,12,0
5499,11.316150765532166,155004,12,849,68,2580,36,0
7295,18.00185152777876,161292,15,767,49,26544,36,0
13183,18.048825086964097,87965,15,369,34,45647,12,1
30299,19.723326873639103,179280,4,500,59,45013,12,1
13874,23.79190430057298,30510,24,607,36,32454,60,1
33711,20.58694576298241,195117,37,551,57,46401,12,0
6539,20.007036513200923,161609,37,586,44,11277,24,1
43405,6.337861572826082,125935,37,591,68,40391,60,1
49354,14.413257194732457,89134,38,453,54,32988,48,1
3557,10.8013934925289,92254,25,432,51,875,60,0
39360,11.634252790049386,164854,12,573,64,11654,60,1
17482,18.85843685850862,134780,25,808,66,1196,36,0
3200,9.98763287324021,145544,0,652,27,49487,12,0
47940,12.348727525422438,85587,7,304,47,41184,24,1
3961,10.927117712933502,102238,3,592,38,23398,12,1
47975,28.71257358045487,95720,20,659,38,14370,36,1
22357,28.61664330427738,98004,21,513,51,28517,12,0
12969,20.248538964901293,42072,36,705,26,28859,24,1
3869,28.113061718297498,101015,2,735,51,1247,12,1
47760,24.64531613670933,92746,18,314,67,24564,36,1
29643,19.748697070045218,196774,0,572,29,46018,24,0
25736,5.160880287419893,122260,28,344,64,7111,12,0
39467,24.3129071519851,157129,22,711,38,20973,36,1
24328,22.562208539711722,148259,32,486,37,34654,36,0
26876,20.38134133206035,50916,22,469,23,310,60,0
22295,24.010607792061794,47268,4,700,67,10760,24,0
4987,17.823054119369143,195050,6,545,62,17988,24,0
23399,22.602081783033476,43259,5,342,53,22043,12,0
47214,28.379302168162333,99400,21,478,29,24944,60,1
34986,14.395125396152157,54293,12,756,58,36314,24,1
21880,22.703045872515634,131581,11,834,48,38119,36,0
5735,16.892195450273967,27043,3,543,19,24401,24,1
45064,21.859991295349538,127009,7,316,33,17381,60,0
5555,24.072333388859104,58893,36,411,18,33264,48,1
42914,6.136312510894899,191714,30,846,21,22069,36,1
41818,21.165011098716548,181940,36,329,64,42964,24,1
46525,10.668529610173614,46309,25,491,69,1198,36,0
20830,21.75081344518917,43284,7,736,18,43305,12,1
18429,16.70825464834534,146801,39,478,69,5910,36,1
7893,24.33881854662218,133259,32,773,64,5484,24,1
15373,8.08502038013991,120804,28,433,52,46165,12,1
48333,20.658058791404876,89000,4,611,30,576,12,0
4436,11.961768223188809,104179,27,324,67,32821,12,1
9754,26.324549883264787,85049,39,670,62,48757,48,0
11677,28.209587640907685,49265,16,824,59,44392,48,0
6895,29.909957341976387,43880,22,618,48,48603,12,1
20738,24.900185060682084,104579,8,529,37,32996,24,0
31746,23.843351760700113,151327,1,401,24,25354,12,1
49404,10.387518971688776,152574,31,749,57,48958,12,1
33352,13.400176474752719,85424,30,677,50,30229,36,0
40790,16.642063544056988,90966,6,502,45,12022,36,1
42919,24.334526194556243,192438,29,566,67,984,36,1
6600,27.874146626949216,178497,2,761,61,12660,60,1
30124,9.728477500574616,87396,8,664,67,25044,36,0
28643,28.05918711675257,91694,9,403,61,18851,36,1
41764,22.39061630885145,156878,25,410,37,42809,24,1
10007,20.269268267125966,37106,0,727,49,33299,48,1
46714,9.996031782048487,76731,29,768,26,13711,48,0
38410,6.388125820228764,95010,37,549,51,11227,48,1
45080,19.2116224626985,52599,14,781,31,8028,60,1
41447,21.28789208322231,91326,24,630,21,16945,12,1
9208,10.269536233867207,95706,5,500,46,32857,36,0
19589,18.911405145636408,29004,17,753,32,38503,24,1
44484,26.41233506906434,135018,0,803,34,25982,60,1
18453,25.8766486363755,45792,2,845,36,35913,48,0
37212,28.18387951465743,74645,16,410,55,1292,60,1
44525,14.147145238922011,27232,7,843,26,23880,24,0
48202,12.951239313772968,74766,39,508,44,32538,60,1
33635,23.735650149520218,140601,16,332,66,7559,48,1
34828,15.777810127425125,101588,24,406,32,36549,12,1
19711,7.188716600694516,199614,11,564,54,35159,48,0
4420,12.070028266762492,25913,28,525,45,21539,48,1
32216,15.464557138287228,132406,24,786,67,13204,48,1
1301,12.3129106369063,133693,35,478,21,2252,60,0
46236,13.305139273683041,113449,24,521,38,36659,24,0
1699,12.344397654359769,30567,28,669,51,9866,48,1
1190,6.0374791795769855,58379,10,466,36,49927,60,1
11492,20.927367520611064,20319,3,599,54,37997,24,1
36743,19.932310508836732,110005,13,680,21,24800,12,1
7102,21.334587461967015,130990,37,334,54,7553,48,1
20778,9.807747400840686,24791,16,706,68,32831,36,0
27641,12.391363540312131,151401,1,801,49,1787,60,1
35584,20.490398173623056,81032,7,613,62,44810,12,0
33745,19.990689211498037,195150,35,400,65,40837,12,1
24093,17.658257733856694,108662,9,514,29,11726,12,1
1569,13.760331250254936,41300,6,361,58,3915,60,1
39210,27.82327511936725,95700,35,668,33,47423,24,0
35663,13.494256057471095,75609,15,667,31,45412,36,0
37631,16.39047891093129,110045,13,393,18,92,24,0
46681,21.95284577385522,81901,15,768,69,10934,48,1
8455,18.575535771669102,25703,24,325,49,29995,36,0
5014,13.67214940910964,83115,3,734,38,32469,24,0
12093,15.891119761412746,47676,28,420,21,1677,48,0
19070,24.862020446337652,141332,5,349,26,28242,36,1
36777,11.953228887165311,196512,0,335,68,21892,60,0
17538,8.556380994420385,187995,38,709,63,22114,48,0
11729,12.829080045744426,49802,0,588,39,36632,24,1
35177,26.238355387197533,110331,39,678,29,27057,36,1
46017,7.224742871408667,144786,2,399,47,44916,48,1
1784,29.792401834311296,85169,0,623,47,44031,48,1
28751,18.525072473191564,88147,0,628,49,47881,60,1
41864,29.62114359917735,42075,38,520,53,37355,48,1
41328,28.47491055214944,102015,20,409,24,31532,36,1
13533,16.32034285527292,29304,29,448,34,10169,12,0
41111,9.962276865133727,149851,31,705,18,34566,36,1
40974,9.122119414128461,140729,32,709,31,46550,36,0
6801,10.999734096748938,79622,21,428,64,30740,60,1
20190,22.753316014113434,74215,29,783,61,46176,60,1
39754,11.823749868287196,93973,3,407,61,10030,48,1
30592,13.535631740107458,128654,22,688,55,10752,60,1
11647,16.21947009986537,163593,24,724,43,7051,48,0
9716,27.830817010536407,44028,11,746,44,42623,12,1
24355,9.734835447121153,59328,16,367,62,10589,24,0
23009,5.125663815245078,47301,14,365,33,11395,60,1
25376,6.502410259454254,58015,9,803,63,12833,60,0
46091,27.61915854200295,56845,34,803,24,598,12,1
5780,21.187911621084076,106818,28,620,49,14367,60,0
3368,11.82601548319517,96394,11,746,42,18428,12,1
13039,9.429812525279779,195231,0,509,48,16642,48,1
7655,12.356668415927858,63714,0,669,33,20955,60,0
41941,7.869923181282003,100722,9,757,58,40771,60,0
5495,28.538322757111025,45230,17,462,31,10097,48,1
11893,24.60515435913167,112554,1,631,42,13207,60,0
26547,16.55977942281352,69262,7,649,47,22560,36,1
23386,26.624065127880048,61722,21,767,24,23426,12,1
14403,11.236455107330807,197431,21,725,29,44592,24,0
33097,22.92801421180484,82796,25,626,20,797,36,0
14121,26.403312475343586,191231,25,405,44,43463,24,1
11966,13.919217790581815,107052,8,554,63,5713,36,1
34621,23.936611136267942,120808,20,657,36,40079,36,1
29312,12.376808731607735,156311,30,743,60,20404,36,1
23677,12.47142838147577,111951,5,412,54,5911,12,1
32289,7.676429463854651,70886,13,329,62,3954,24,0
32024,16.001451162734966,123424,32,823,59,42587,48,1
43675,23.242797662435557,178267,6,345,24,4312,48,0
5777,28.505520139282122,124697,23,470,66,30875,60,0
30749,20.094924798227403,116299,8,429,33,41748,12,0
16338,26.578388443393475,185746,10,652,49,18440,12,1
3491,25.562366232255677,169177,22,502,25,15828,12,0
28236,9.333576324382022,180811,1,525,66,30898,36,0
49096,17.145435722815787,183041,14,379,30,46720,12,1
15599,7.923088388134786,34497,34,609,28,39870,48,1
20508,22.053829039040874,152888,35,334,37,45428,12,0
4051,28.747491706151898,138915,27,460,35,15427,36,1
49747,8.427236451968913,112019,38,734,54,29641,24,1
22606,23.347078270063534,129017,3,837,23,22169,12,0
22699,20.805953771696522,89385,9,524,37,34215,24,1
1876,19.590125925202493,125153,5,745,49,49666,60,1
33093,14.753005867208481,53826,29,616,63,45419,36,1
5142,13.878291193845314,130034,34,713,61,47880,12,0
16202,6.131229725472196,104242,9,394,46,1951,60,0
40734,10.447717706300336,143066,31,524,21,21954,60,1
8079,5.379422057170673,70100,2,365,24,13827,24,0
8987,19.535427639550512,145170,25,696,60,8965,48,0
40567,7.646330896947721,155431,14,509,37,33096,48,1
29940,26.825484850742903,116205,16,773,51,8985,48,1
38233,18.07857551742913,32809,26,789,53,32641,48,0
18019,22.49224772646771,84450,17,479,24,22897,36,0
47185,15.271427296012412,58428,18,823,50,45652,12,0
19077,19.014495225026216,92790,11,758,32,5973,12,1
27258,28.566479424165763,131126,23,367,69,17794,36,0
22136,7.068350990591769,110321,4,628,49,7714,24,0
9311,11.348444298092403,22093,23,501,39,1137,12,0
18214,24.499708172763608,64498,26,774,57,37240,60,1
15098,7.468430172066647,136251,29,817,46,36042,12,0
29251,6.891527597602771,60985,14,314,42,3273,36,1
38945,14.038534968850964,52009,37,341,22,22627,24,0
48030,7.304198961810808,148515,33,842,31,32193,12,0
26945,19.62696105515508,37718,26,588,67,15151,36,0
26316,10.656881270414996,36705,19,832,52,10155,60,0
33217,27.39244907998431,107618,31,543,19,26741,48,0
9308,24.587502021131417,82598,3,473,42,22948,60,0
6949,22.492630152486903,97878,4,833,33,38130,60,1
2150,20.42360068461255,32239,7,808,63,4636,24,0
24944,26.586643258536583,66622,21,543,33,38114,12,1
35699,10.576551538568921,66665,6,359,28,31649,48,1
10204,26.827721069105692,52274,21,403,66,43706,36,1
2081,24.737307460601308,162491,29,602,52,36976,48,1
30305,23.704020659692137,128368,36,376,40,37236,12,0
17896,19.0313919518731,166075,15,317,22,2346,24,0
47175,11.156104024265002,181938,14,833,52,13984,12,0
8805,15.588697899797408,173060,4,483,46,1042,36,0
6237,24.83926636347004,128563,2,849,64,13063,48,0
21056,5.794462108933111,156746,22,580,22,20490,60,1
46543,24.551269231593956,113103,9,587,20,40967,12,1
46952,11.001768512189162,86446,4,824,23,36499,24,0
4343,8.607730018040076,49072,22,773,40,42533,24,0
14500,7.892532954507554,53717,14,566,63,7302,48,1
30375,5.681250298770378,177723,17,656,19,21876,60,0
10662,18.089662130536322,137202,24,300,35,49612,36,1
17964,10.456496817343236,195363,7,326,47,16294,60,0
48893,29.73579414449079,142389,30,847,55,2302,48,0
9130,19.360918896805146,129525,20,459,22,19017,60,1
20531,8.44713173390026,24646,1,698,63,42311,48,0
2679,22.219063520284134,59713,21,842,66,361,60,0
4506,27.443589162743134,87936,7,426,28,38261,12,0
14284,23.62948738424036,195403,22,509,18,17171,24,0
8253,6.910996525986191,42185,31,449,27,49360,48,0
20128,27.397104529816488,104263,7,330,58,41226,48,1
28932,24.84823464649912,72107,3,601,69,29327,24,1
10435,8.957597502640358,37563,29,556,61,5092,36,0
45078,6.294647218320422,90729,18,356,43,16937,48,0
14296,18.932764382857712,35701,22,308,50,40793,12,1
31445,8.900895283499423,199289,17,304,44,13817,60,0
14245,25.8647738148818,195682,28,413,67,9779,12,0
30124,13.958366416791844,148331,22,504,29,4516,48,0
30899,27.822311118414383,180482,32,323,19,39219,36,0
44919,19.142204303525144,119280,17,792,18,30114,48,1
44225,9.566809605991704,58665,32,705,18,14530,36,0
36247,8.489971683995002,35957,6,402,50,9310,24,1
30222,19.411810938943848,199199,27,359,39,34281,60,1
27211,24.047090296561098,66008,0,385,29,23809,12,1
38220,24.537641193554553,81920,38,671,56,46104,36,1
27646,11.893935111032032,183947,33,501,53,21735,12,1
39649,10.106168972804188,133828,38,388,38,44363,24,0
24049,5.41890761230956,143852,18,736,37,6749,48,0
15069,21.979978780029235,152698,30,419,53,27637,36,1
33580,6.914206460838475,110815,12,455,43,7005,60,1
32843,15.519030044148145,184714,23,698,64,29898,36,0
3849,20.042054100457403,58311,4,487,48,23538,48,1
41158,28.427723622991927,52356,22,351,18,37206,48,1
24289,12.795053423894217,23809,18,830,55,45648,60,1
45690,11.244304061162994,194443,0,779,31,21708,60,0
36257,21.35400385715246,54875,32,529,43,45024,24,0
10823,20.48097580133954,29465,32,780,63,42944,12,0
42975,13.302744582703115,93844,31,429,59,25467,36,1
10540,28.202545887744662,106889,27,354,24,49127,24,0
17364,26.12155818724082,35250,36,570,29,14412,12,1
5611,10.599563646627029,66023,11,399,41,29378,24,1
28663,10.978563635863079,121350,8,368,36,47055,60,0
39646,17.807508672177015,197696,10,598,26,28102,60,1
31977,24.33930254326801,36427,32,828,52,13044,48,1
30168,6.10100948471161,184348,18,653,21,31309,36,1
26471,22.333378843367665,91643,33,451,62,18239,36,0
23687,21.205897434552423,154511,6,629,59,2435,36,1
1851,10.787002397824706,98672,30,415,49,43934,24,0
19071,22.033825331033718,37300,1,841,63,23164,24,0
7833,28.504579781302066,80289,18,622,23,35866,36,1
12938,6.169646124294212,168254,37,528,45,3386,48,0
36195,12.991301382301563,177981,31,659,45,5440,12,1
27144,15.954417916658882,39659,9,304,57,45503,24,1
5000,27.48150897311724,182475,7,327,68,42776,36,1
6052,29.056536165228916,184658,25,663,46,6436,60,1
36506,16.10288116240831,30360,29,761,59,7403,24,0
29074,23.75071030355478,41424,10,530,22,23242,12,0
39155,18.291525594112073,118035,19,694,22,43464,24,1
41770,18.444573368534414,68791,19,570,54,2939,12,1
33320,11.95248787665891,154137,8,603,58,17222,12,0
39304,10.423906146596988,32300,7,682,45,27277,24,0
47247,12.20013364810103,53370,14,327,58,21143,12,1
4913,18.908200181426984,47209,33,818,64,3138,24,0
18450,5.728879650552225,40927,23,498,26,49327,24,0
25107,27.681223608910145,54579,32,381,46,20989,48,1
21764,8.907092738744407,29032,39,387,31,3162,60,0
44404,10.502216921784663,113254,26,689,55,2752,12,1
21491,17.95690441119116,98413,20,750,69,25765,24,0
39494,22.752869158431984,191803,4,732,57,45657,12,0
4373,7.393226368609932,133528,34,673,51,837,24,0
13161,12.942367438679055,143916,20,734,54,28474,24,0
32996,29.21686513935893,92302,3,486,66,12043,24,1
28122,11.558574169523641,105757,15,689,59,48565,60,0
35850,12.826253626578673,176174,30,517,31,47154,12,1
28350,25.912462265450838,185505,25,407,35,35501,60,1
28472,6.255360792261381,35932,34,849,50,44770,60,1
29761,16.61532922022427,45714,5,648,51,47369,60,0
26351,14.490419111291756,77803,32,821,45,24072,60,1
24132,12.914668997716278,190815,20,325,53,37974,48,0
16305,12.142489851119112,153624,15,347,62,2653,12,0
10817,7.28435262151023,76627,38,669,65,22524,12,0
12261,12.870645733791221,197059,33,313,54,19733,24,1
1417,6.076310067891715,99810,14,486,40,36078,12,0
42576,24.524096591110883,65380,5,823,59,37448,60,1
21358,14.95569484895029,180322,1,578,34,18770,36,1
4267,16.09759580799779,84686,23,640,28,37959,12,0
18209,27.33986466125329,140321,27,627,49,49525,36,1
25052,21.451374596530517,65028,0,324,54,37443,48,1
39513,5.201477583552995,166367,0,828,32,12804,24,1
27092,28.579370574032126,133141,27,725,21,16210,24,1
12338,10.92861164944278,75248,35,328,56,34029,24,0
1412,7.690354618996471,30523,19,622,47,7633,48,0
8543,24.203204459522055,65530,7,612,27,8312,60,0
41355,17.511932896667954,33769,0,569,40,38300,36,1
34496,15.844264150450439,132035,25,594,41,20229,12,1
24548,11.237576992068544,195717,24,522,53,2884,60,1
28384,18.686787246557966,176629,9,374,69,43577,24,1
45425,11.859615130064686,99782,11,401,22,20522,24,0
39756,27.53957513217669,98382,6,831,54,5623,60,1
19888,10.38011199332982,188157,11,472,60,11460,36,1
36735,27.10887876139384,130939,39,303,36,10234,60,1
48295,18.985135643183924,164542,16,778,54,18503,48,1
49816,25.712203347381024,98712,4,694,25,24100,24,1
18506,22.821149896523874,138643,13,466,24,16874,36,0
21463,22.417377785918713,127417,33,599,57,46905,12,0
18955,13.108645192376393,157877,16,417,30,29420,24,0
38841,10.847423286805087,148256,34,811,54,35813,60,1
6104,10.272155692019703,121422,0,474,44,382,36,0
35911,26.429791426489718,109300,35,458,35,49956,24,1
24190,25.5106705064755,26630,14,683,41,38353,12,1
8357,16.014338200307684,144474,18,526,58,9369,12,0
33479,8.310115337411364,118869,4,337,19,34985,60,0
45811,14.556306299436459,35701,18,762,33,42255,48,0
37208,20.483586353422787,165931,38,730,31,23661,60,1
21150,16.360078861998822,172255,4,403,34,45486,36,0
6644,24.504731712074875,191510,11,492,23,47883,60,1
44286,29.940570556284637,117285,18,549,52,650,36,1
48320,9.778302211222421,137556,11,312,34,40937,48,1
3914,16.49127049148931,193316,35,687,62,21299,60,0
22352,15.774597548020552,35021,11,370,55,26862,12,1
47352,12.612313318723771,199115,17,737,57,31153,36,0
45912,9.95238791800724,84361,33,343,23,16312,36,1
15397,6.6423029122414805,152317,32,571,65,10943,12,0
42555,27.17798293059246,192083,17,313,55,3198,60,1
47959,15.49621744215794,30355,28,670,66,17325,48,1
1728,17.422387962501222,118841,4,411,38,8732,24,1
1698,27.923551205022896,199764,24,678,52,5805,60,1
40954,24.407261937898696,180786,23,613,40,18913,60,0
48280,8.262531602929606,37198,28,714,29,1202,36,0
14923,19.13549919019356,86951,37,784,46,17034,36,1
17779,16.05630691298898,152724,32,468,44,3006,48,0
8400,24.93027681446907,194697,9,545,23,8505,48,1
25466,23.10581369029873,38740,36,565,38,20498,48,1
37939,22.2601430477768,23810,32,542,24,42143,12,1
5360,13.513620886997423,143743,22,599,60,45873,24,0
36270,25.12409325998136,167641,10,626,58,16505,24,1
18101,6.309782389871531,119855,23,829,33,6603,48,0
33307,8.990622535804182,46783,23,641,22,24744,36,1
6486,13.390581824447793,141701,6,548,32,3682,24,0
9335,6.920186026732032,98047,20,679,38,13460,60,1
22364,10.87485693836729,29471,19,831,21,13559,12,0
38259,25.753774574947954,130771,9,680,22,28544,36,0
24576,28.706288444751983,26163,24,341,24,6864,12,1
32667,12.615058894354762,82071,35,644,52,23778,60,1
12130,11.612895099720955,36065,14,560,53,14234,24,0
22972,11.997316306160673,142323,39,605,32,28593,12,1
41419,11.942977183771095,137969,39,539,45,44657,12,1
2167,5.898254554649325,103456,5,612,19,1729,12,0
28192,28.172908658277702,199420,36,740,22,44515,60,1
2062,10.34245353925821,39154,1,432,24,22336,36,0
19540,15.500101852035124,125703,11,350,39,34936,36,1
25244,5.2421720685241935,40229,3,691,66,12413,60,0
22545,26.44887727287643,72587,22,822,48,47652,12,0
22689,23.27893361137293,69713,12,807,49,29764,12,0
12174,28.66890087934258,178069,16,653,25,45741,48,1
23925,24.540386979909975,41101,30,694,58,7668,24,1
38497,12.842662801301632,60391,15,395,59,13260,24,1
10348,11.19683396821059,92723,25,405,28,11308,36,0
24714,22.442907688832324,186020,27,812,18,8896,60,1
39102,14.102819375262486,120264,0,541,64,39408,12,0
9924,19.15537539381541,57921,11,787,57,19283,24,1
38098,5.1564367756617555,48460,36,814,36,19591,60,1
25394,6.547142542011882,172143,19,360,61,25282,60,1
7801,18.38419852954128,199354,1,715,55,13919,12,0
38614,19.151791161204127,111725,35,593,59,7674,60,0
7731,23.786323611483592,78445,14,601,54,30699,24,0
49136,8.299132990599043,102208,37,469,24,30840,48,0
24625,17.829577093919468,126283,21,340,56,18392,24,0
18337,9.861191110792216,105779,31,530,42,31960,48,0
36307,7.329902989067367,23060,19,708,39,4721,60,1
8056,15.262394851513864,145806,35,596,44,29197,24,1
12516,9.08341620222643,33731,32,754,58,26173,12,0
45261,10.544549454807964,97830,14,356,64,1066,60,0
2542,12.938864496737544,135871,2,539,55,42906,12,0
22677,11.484710018579907,40719,28,475,65,27375,48,0
47732,7.1897824351486594,198114,26,362,56,1918,36,1
40081,7.247906121492557,69116,4,437,32,9457,36,0
28569,9.831235380854205,46325,30,753,19,10726,48,1
24322,6.263979698988473,173669,21,748,25,14282,36,1
20065,20.66142549192318,34551,34,525,61,24815,60,0
18924,12.18316791272255,113287,6,742,60,22594,60,0
23556,11.993649194226776,44278,5,505,23,7448,24,0
27962,13.299957355944128,35141,25,326,37,1142,60,1
29295,21.56990685524304,87913,0,756,44,20232,36,1
14807,26.765847037087262,53615,18,406,62,1415,12,1
43348,23.97717331389096,142058,6,743,40,6374,24,0
27432,23.188230755627373,132684,35,335,65,26974,12,0
18749,17.10977964002123,47452,11,454,57,33528,36,1
42459,22.345138924185292,173797,19,468,34,3642,12,1
27256,18.81905920083958,70391,22,571,30,17936,36,0
41262,10.406263204663222,140288,24,846,21,31914,60,0
38080,10.214709193526268,133535,29,719,37,9347,24,1
2324,12.409800171882086,162770,28,483,59,24932,48,1
26731,27.770066774245333,106711,30,536,42,23593,36,0
36909,18.685371009493146,97850,17,808,39,1328,60,0
24803,23.347634425046735,129733,18,740,69,18760,12,0
20870,13.66396899541369,22365,3,421,65,19625,60,1
35578,15.192894266630631,117662,0,716,34,26567,12,0
7588,8.139139465931285,63372,14,834,57,12063,12,0
39069,9.28237394554176,64134,7,674,28,31630,12,1
27790,25.68391387065364,57823,14,625,42,26961,12,1
26289,19.62096579222205,91158,14,779,22,3140,24,1
29178,13.438311647095473,116076,38,449,38,17265,12,1
29710,25.07128022488865,153021,21,789,43,8730,24,0
16485,11.162997640949575,69396,17,452,33,14057,48,1
45482,29.400817465005094,128336,15,316,57,3557,24,1
21652,13.620440193654243,51912,1,647,38,29114,12,0
5748,13.43277385378069,76947,35,758,65,13211,48,0
22233,12.79779763841763,64387,19,501,49,47154,60,1
10435,8.052787898107198,36508,15,722,21,18580,24,0
4709,7.7784286833003105,65592,2,579,55,18334,60,0
31355,21.202625863353084,129249,29,721,25,9802,48,0
14116,26.877951113951173,21919,1,764,26,22321,24,1
26470,24.763012756791838,62595,34,654,62,35931,12,1
43344,8.527689850533777,160689,25,677,34,37231,24,1
43918,18.63955304480166,53298,4,423,58,4007,12,0
40298,7.6397886494159994,158001,1,379,30,4675,36,1
43956,6.132366090326936,34456,19,532,26,14058,24,0
15683,21.40964648461918,129599,33,779,23,49001,24,1
1504,18.37880834200876,106676,33,453,44,37519,60,0
34982,7.050592130286772,103721,19,708,59,6219,60,1
35299,5.873481160149711,57924,24,330,54,15445,48,0
29016,29.743910335233366,44240,19,802,56,8418,12,1
24960,5.750533303726797,107381,24,670,60,23914,60,0
34591,16.11320632625399,29228,13,622,41,29630,48,0
18312,17.615475615192388,41686,38,631,26,40503,12,0
38797,7.932003695011126,31920,11,542,59,41551,12,0
47196,9.226544460992907,27432,4,729,28,28695,12,0
3105,13.795125160258813,130507,1,481,52,30434,36,1
37395,24.041896905341567,150509,15,772,46,14456,12,0
46740,17.677060601506668,91725,29,675,25,30185,48,1
23700,20.947546863824037,184982,37,380,34,24156,12,0
35620,29.62936387726687,141764,23,849,24,45908,12,1
38678,24.200135882830242,181298,29,719,29,43631,48,1
21559,15.859037453530442,79099,36,766,65,47993,24,0
28509,16.16104804491372,132557,38,727,32,2078,12,1
28860,20.469301926025125,106760,10,356,46,30350,48,1
12003,21.63413021047261,38013,13,621,62,44910,60,1
22732,17.517773145916784,41446,22,841,67,12073,48,0
26826,21.1215305703745,125209,15,794,67,23778,36,1
31354,5.588312360352469,122261,20,565,41,23397,60,1
14843,15.740571597421104,115739,3,526,54,3321,24,0
45472,11.973451901836919,20557,32,353,31,12337,24,1
49529,8.22936113107776,181738,13,303,28,47829,48,0
7190,7.488662820219378,188461,18,738,52,6011,48,0
18640,20.079804140366686,198772,4,609,34,39855,12,1
39413,18.090013678815293,150878,35,388,44,9996,12,1
43356,11.33960292490923,119143,30,619,61,34498,36,1
45597,16.773751469312863,44578,17,674,20,46845,12,1
41821,17.305807879560206,94779,30,800,19,20046,48,1
4330,9.875224510965396,160668,29,533,21,21494,48,0
20087,21.302326547041265,77500,20,636,35,6618,12,0
42430,24.52298390965226,92534,29,484,37,6899,36,1
25504,24.786588522237974,30129,3,737,38,31322,48,0
8114,20.061745767586377,31596,4,479,31,33797,36,0
14323,17.790964562975354,85355,9,375,25,15128,48,1
35121,6.5251785751348725,32974,26,571,19,33179,36,1
11975,12.195782471290146,132004,15,354,43,1981,36,0
12023,7.331786169454247,146794,29,376,36,42307,36,1
22447,29.09557902196184,90202,12,595,59,34073,12,1
25933,8.377003655644017,94442,35,518,45,12478,24,1
24959,8.794385246277551,172890,20,576,46,46014,36,1
1667,27.239415458262304,194318,39,565,22,26429,36,1
30703,28.598207086911447,75598,14,342,60,37363,48,1
10337,24.145725980872747,153726,19,660,45,49967,24,0
47427,5.135123091816746,53758,19,527,58,11697,48,1
37487,5.0336567739140925,44204,4,526,65,15422,48,0
20129,14.45251924468627,147309,31,362,43,42436,36,1
41251,8.584884250272314,186000,5,470,22,38380,60,1
32921,5.4596535537899324,50552,29,606,32,30341,24,0
34307,16.601667235112615,161408,25,333,63,2037,48,0
28355,28.576547435174287,67037,36,429,26,9522,60,0
38732,13.095489372560785,167278,12,693,49,21259,60,0
5835,21.52851696071741,54831,28,450,69,11998,48,1
21159,21.305883828311018,63563,4,683,43,7086,36,1
39810,11.277002591629195,38361,24,316,54,1149,12,1
48605,21.260631220596608,61335,12,313,32,22792,48,1
41080,10.308349357172283,94469,23,380,58,16390,36,1
39088,8.050185339422226,45816,30,506,21,34204,24,0
14216,22.534582138992253,166691,19,503,53,36018,36,0
36547,7.836020427597918,112479,7,678,37,28115,60,0
32471,29.922730464733885,46819,8,843,44,24047,24,1
18308,9.586310028755733,162813,20,322,38,17078,24,0
28532,19.85354656891144,142330,19,461,39,21471,12,1
35349,15.284364285314734,28798,14,443,24,14263,12,0
46445,8.159660560141678,176215,25,403,64,4843,48,0
6713,5.696097689435335,69695,10,681,48,12433,36,0
5804,20.56830705732083,183819,36,754,34,11559,48,0
11136,25.168939094728152,149544,10,716,67,4952,12,0
1009,26.0503915376686,172254,26,623,24,40610,60,0
20255,17.06783682692336,29415,29,470,36,32793,12,1
24793,24.43638667955964,162157,18,573,45,20931,36,1
30548,21.82117833721362,166080,33,751,27,2153,60,1
38892,23.10636318747833,107638,37,424,44,28911,48,1
2015,17.314975130545353,38452,22,682,30,8019,48,0
28712,20.835293506053176,159192,0,616,19,19873,12,1
35961,25.138147839401423,130205,2,406,39,41291,12,1
9415,14.947104388925576,38170,2,762,37,31631,48,1
47318,25.149472521689592,36259,27,729,60,37929,48,1
48280,19.80042106972657,42099,13,636,22,17028,24,1
24833,9.147525609269657,160721,29,795,23,34620,36,1
5158,5.617103930614615,149394,4,661,52,40491,24,0
21309,14.068840009978802,79258,14,731,18,48474,24,0
7970,18.667408207408496,192109,37,819,52,10623,48,0
7938,25.99550880508721,31805,13,705,20,19968,36,1
22168,8.187142003506155,63147,13,676,53,3809,48,0
47540,25.005158692089477,94280,7,451,24,34079,24,1
21384,26.575226151680674,197125,7,621,46,27371,24,1
19017,8.767187175020844,126777,18,513,32,43966,48,0
11344,26.289857982605476,117841,31,364,28,39006,12,1
41034,29.7863391960698,144726,30,569,35,31739,12,1
9702,23.170970776205937,148359,28,836,61,7788,48,0
1384,24.6192420456247,96215,10,399,21,6977,60,0
1404,29.860381688971835,132909,12,404,41,39177,60,1
41943,20.137031263148636,115365,26,430,28,34838,12,1
48926,12.697159550406235,30985,18,688,23,2656,36,0
30189,25.938270851901393,32391,25,620,68,4134,24,0
13763,20.362144437790782,24861,36,737,35,29431,36,1
19384,19.529885593023913,54364,8,318,32,3484,12,1
33606,11.340888887850957,102399,27,524,20,49565,48,1
10860,23.908356739572167,62923,31,759,34,43622,60,1
39757,7.041681896502406,158991,2,693,50,47312,12,1
16106,28.10717676986653,105818,31,525,51,45077,36,1
24574,13.14558651926212,198468,4,659,47,38916,36,0
24524,8.194366319749761,185912,7,729,36,27274,12,0
4636,16.05916332756047,193327,13,314,26,20693,24,1
11916,6.061747731413329,91160,2,845,57,38559,36,0
5809,22.115654856624158,148165,23,713,61,17303,24,1
33201,27.567637761133906,159248,12,654,48,19594,24,1
14456,25.93157517846272,53529,28,756,44,19103,48,0
49212,8.184236836197027,164013,7,830,64,11858,12,0
39765,8.156778427693297,21669,30,495,42,15002,12,1
35816,25.335862058106603,137373,25,414,24,4895,24,1
46106,28.1063568650779,64859,17,716,65,43324,48,1
18100,16.516745745837227,75786,17,651,24,49944,36,1
22949,17.47427792284415,191148,6,374,37,25151,36,1
5544,12.956551034643148,40323,37,335,61,9919,12,0
38744,27.35662795641035,26021,15,541,66,44187,24,1
46543,21.1225726323089,59807,32,362,60,21927,48,1
43783,12.206289429184213,148305,2,808,53,28147,48,1
27657,12.46957177635629,70355,37,487,36,12378,36,0
37187,27.28000182659006,133415,3,392,19,36493,36,1
48198,5.340850597645536,195804,35,304,51,21545,60,0
8239,13.06816431816596,28711,3,737,34,44326,60,0
15489,18.858917030409227,27904,8,465,41,13057,24,0
44125,8.705436552483116,84033,39,745,26,1360,60,1
29538,7.302468854989745,106478,16,324,18,2048,48,1
33049,25.381908277264,140035,16,807,59,39020,60,1
38131,27.36010971621268,23093,32,397,45,43935,12,1
43944,25.590160519954736,44918,19,567,32,22482,12,1
9427,27.469697243433693,160466,13,692,38,25663,36,1
42348,18.827799276459288,144501,21,584,32,32973,36,1
25285,25.306453024758547,112510,26,408,40,44446,24,1
38626,14.601065959777511,113708,2,326,19,15185,12,0
43808,21.65669653697596,117819,23,354,63,19699,24,1
23928,29.72088828472911,164352,29,432,53,41582,24,1
20198,10.643193095978186,56303,7,351,67,18061,60,1
20758,14.747493657277015,47453,21,792,26,11479,36,1
16254,17.00118443275214,128886,24,597,19,43972,24,0
45238,8.450387175501293,80695,9,698,19,46607,24,1
2252,7.025965261626419,176837,28,317,35,44597,36,1
40764,25.74307165804061,153412,39,545,34,10892,36,0
13173,29.419859320689653,58057,0,802,58,23931,12,1
38441,15.118126595741467,151669,20,388,25,34639,36,1
27698,7.1912459048663315,114655,38,502,51,24654,60,1
16781,6.645294017264412,35025,23,539,51,22942,12,0
14051,27.282955159007468,27145,8,789,22,6934,24,0
40649,16.595356243192,121206,25,312,61,29733,60,0
7949,13.000682914059798,61723,8,614,46,19612,60,1
43289,16.911531780984987,93230,19,497,45,35103,12,1
9017,12.957602367308684,155902,34,542,33,31855,24,0
7941,17.225894382690498,175002,35,806,31,34493,12,0
26934,26.48890992294842,174824,35,342,69,9306,48,0
24386,19.807534276552392,128138,8,629,19,38753,48,0
11209,22.366344320254385,82040,21,728,57,39984,12,1
18715,14.116766905858414,128668,0,461,21,16544,24,0
29920,23.462646962762967,75030,4,734,69,1425,24,0
32703,21.665427121984308,76815,8,532,58,1733,36,0
43318,7.989049943801412,132789,36,410,69,45375,60,1
5637,19.316071327889617,186762,37,531,48,10603,12,1
5854,11.41858740774395,77923,18,572,43,12152,60,0
44088,25.10239174083982,187644,7,340,44,15801,60,0
38660,15.648442711673486,87904,31,765,68,18906,48,0
40811,29.867104129912178,180275,12,376,51,29437,48,1
20856,7.312510948474094,97088,19,789,48,16985,12,1
22833,24.508696568503964,25608,35,416,65,26935,12,0
20963,21.842543338553913,65667,36,733,28,42515,24,0
37932,24.187470764767635,75547,29,318,25,21068,12,1
28169,12.688244887261408,173557,9,495,29,13531,24,0
8941,17.301362234560017,160934,30,750,52,46753,24,0
15388,24.91271299309271,148391,24,724,62,34288,12,1
6569,10.813533290521374,95948,28,693,51,35158,24,0
5300,10.650829919716301,91880,23,583,30,25481,60,1
40037,18.77627383237331,77560,38,333,44,26226,24,0
37586,18.089089488246394,135063,20,594,25,1117,60,0
13015,12.056561760323321,114218,8,550,64,32661,60,1
46002,12.451891263120569,134462,1,638,38,40068,60,1
7254,11.946129080164138,179487,3,739,58,42484,36,1
18144,24.28780154996219,170395,7,479,28,12459,36,1
25214,21.297521639061515,37997,31,527,39,21105,24,1
41118,25.81042958525632,141266,13,322,38,38909,12,1
16183,29.386825707850544,23679,12,626,45,19464,24,0
7238,16.85410740679966,60308,20,453,20,32554,36,0
7090,6.667347035136221,190914,23,445,24,40707,48,0
12637,6.202307760300886,25695,17,551,31,4777,48,0
23415,12.39162598179048,78499,39,601,32,11432,24,1
25071,28.31361473381127,43382,25,369,26,14271,36,1
46415,18.08032637427187,34235,31,842,69,3801,60,1
43679,11.794662902003228,153438,32,392,60,7057,36,1
42240,14.979169862775489,178539,30,462,24,26511,24,0
19271,19.964877685116768,132468,17,380,29,7510,36,1
37034,21.323741453446054,26764,34,362,36,8099,48,1
34434,8.847987744572626,133831,11,735,44,15193,60,0
5188,29.4257919136294,81836,24,347,35,20011,24,0
11161,18.61930567456972,51923,30,744,30,48900,24,1
29732,8.392207944806982,115711,9,373,60,20764,12,0
12314,27.340881333653343,36292,33,841,18,4450,60,0
24954,6.86596077698572,144913,2,456,55,14549,24,0
22508,27.69338582943782,152686,38,786,38,6960,36,1
22969,29.91414140722456,40939,7,565,51,16583,36,1
46659,22.510794978912596,38800,31,555,30,6996,36,0
38545,24.261180526849746,76440,28,338,62,18567,36,0
37668,13.43257091168716,174318,21,354,68,14201,24,0
24061,28.539421318348346,147521,19,327,58,5043,48,1
14716,18.24284915270919,141327,5,417,68,20420,60,0
40749,23.30971116493887,69648,28,669,40,40602,36,0
40144,28.10269289778199,135192,16,508,18,42324,24,0
17907,29.379499399387708,182760,30,615,40,34620,24,0
19777,25.83010891491686,113498,33,692,45,49031,36,1
28693,12.57543767455075,49764,37,743,49,12629,12,1
43928,29.16368791380206,52470,36,558,25,28675,24,1
27329,20.702988281089297,189573,3,497,43,1662,60,0
47892,28.266061908798996,77207,1,744,31,14734,60,1
17282,21.902625645358796,82157,11,604,41,7589,12,1
24624,12.680974046193011,154288,34,638,65,43418,24,1
24321,14.250613103570398,173144,5,828,46,49364,12,1
11488,18.761794427573513,113778,7,353,21,4655,24,0
23574,24.75037103899705,150016,20,411,35,8749,24,1
6240,12.949563783508374,144288,34,718,31,10797,12,0
44221,19.493279153354802,188204,14,604,44,31930,48,1
11478,13.640624839410037,130573,6,737,58,6645,36,0
46162,25.394235115877677,140730,14,384,64,11895,36,0
20262,16.66820234419876,168933,5,823,20,34762,36,0
5432,6.9180706713221305,84186,16,551,47,47634,12,0
30721,9.15131303703841,24960,3,425,53,21432,24,1
14568,6.527616690490808,38781,21,704,40,47890,24,1
15178,17.48257365035813,51126,31,603,35,16858,60,0
23195,7.658432433705679,173650,21,327,63,8233,24,0
1302,7.853499232740803,126034,26,565,64,43611,48,0
18022,28.526206500959425,37883,14,351,57,32004,36,1
1055,26.816376804401386,49782,21,810,27,26671,48,1
46781,16.30216492028415,76387,27,506,29,36760,36,1
9717,29.645133021255145,168051,37,810,58,28441,12,0
29699,5.004663204266578,53746,8,500,25,28233,48,1
9150,20.349486406834846,86266,33,583,49,37591,24,1
3125,20.41070443429675,20056,35,656,34,36285,36,1
45247,16.436076396747204,51457,8,346,58,2268,60,0
49513,14.92369932335732,153315,14,436,62,26220,48,0
17748,16.38457838701519,152773,19,429,31,48774,12,1
40577,15.374010901992012,93839,7,494,54,4438,60,0
5621,23.262311937057486,100636,27,663,26,44269,12,1
16034,8.383885874332101,127697,18,731,43,39066,36,1
47391,9.940980514778254,86483,15,368,65,19369,48,0
6126,9.51295570981059,40505,10,757,68,45896,12,0
6122,11.561764628031614,157625,7,839,41,26603,60,0
19030,18.131460469539583,53525,32,634,40,11319,60,1
18302,7.780218683455468,116008,9,825,48,14722,24,0
20181,26.7042323831626,64348,17,315,56,37757,12,0
39638,12.434038282711807,27273,34,755,61,6028,48,1
2531,9.063449686717696,84236,2,809,19,46394,48,0
41940,21.890532739956083,154607,39,508,67,45093,24,0
41441,5.952157514982982,169749,26,457,35,25940,60,1
24333,20.499214121854102,127157,27,636,33,31448,12,1
40650,22.454960766912496,20908,5,540,46,8422,60,0
35674,10.37291328466798,128352,13,357,28,43441,12,1
36854,6.049101836090857,115967,6,604,19,20688,12,0
47271,14.09113397298624,108989,9,644,31,46280,12,0
9152,7.4648557560484115,55079,14,313,21,14472,60,0
39518,7.9119462418334265,131889,30,658,56,14900,60,1
46540,11.356530786121613,69323,28,676,51,35671,60,1
11267,12.386698115668983,196392,16,542,63,7763,36,0
26289,18.249258525535517,109909,28,444,56,10960,60,1
2062,21.95979713757533,66105,14,714,26,11084,24,0
30926,19.819273521754617,181236,25,693,57,43043,36,0
7229,8.709008432237919,152957,11,657,58,2074,12,0
48915,9.302150811315661,21049,24,457,24,7825,48,1
5632,26.96923124482286,73281,4,317,68,34833,36,1
40056,18.95880787660284,63271,3,646,34,25205,36,0
4596,26.748445822442225,86697,30,357,40,35976,12,1
45243,14.288662782996859,56534,2,454,62,4674,60,0
7168,20.360000185783097,113034,2,786,28,41862,60,1
43563,18.09158540136527,78097,25,830,39,46905,36,1
8561,12.978087245511563,45037,16,786,35,48078,60,1
9258,16.747884300839885,187079,9,450,66,42013,36,0
17616,17.562271920673304,47278,1,658,45,122,48,0
27734,10.019274368916964,159344,23,667,33,21480,48,1
7371,12.87525930941829,119173,10,346,59,9443,12,1
27069,24.78524376267439,58294,23,506,21,4433,24,0
15369,27.894705986353177,93277,34,749,53,990,24,0
13910,13.994852338632487,24694,22,782,39,5556,60,1
8943,12.674307055225455,78150,31,442,28,26662,24,0
13199,9.879929114297063,87470,22,699,38,29097,48,0
16728,21.96227921626453,41556,33,396,57,47418,12,0
24275,13.077492541658431,69086,18,346,58,4709,48,1
7738,29.693738477479712,169979,1,490,33,24357,36,0
16913,13.14212005159883,199559,1,439,59,36348,60,1
36240,14.853401169565704,180230,14,530,26,19186,60,1
20123,20.08335490530087,171365,20,639,52,33639,24,0
49447,25.042107329782624,196833,34,790,51,19208,36,1
35529,16.737966633640845,119468,4,348,26,47360,24,1
11167,15.566400844723958,53387,26,752,30,22479,24,1
11554,29.890945839870206,191822,23,615,23,27478,24,1
18260,5.262341028498611,88602,6,621,21,12922,36,0
48045,27.376632221281145,172328,5,386,63,27079,24,1
4812,8.728520648493436,156666,32,773,45,30766,60,0
29024,24.648131905222836,22460,16,581,28,19787,24,1
28285,20.44828899615745,92356,29,373,51,22537,36,0
27900,13.546182137452302,74698,7,752,52,10383,36,0
2605,26.84687388802546,121746,39,346,22,38318,48,1
6622,5.322680699524799,36191,6,395,56,31895,24,0
7767,10.667266301873092,104631,5,330,28,45542,36,1
28139,19.1723199062384,30529,3,833,29,3207,24,0
12613,13.78855650124245,52175,0,316,60,28234,12,1
11589,20.25943738295819,37675,14,511,36,30568,60,0
14918,5.602754835216671,194230,30,534,30,3097,60,1
21119,7.911473262042813,66798,24,691,21,19022,24,0
28446,8.17740600546098,90910,32,653,31,44046,60,0
14046,9.732091147900235,150400,34,604,61,34392,60,0
25818,16.48328602001357,177048,4,849,19,15968,12,0
36358,23.80321748858928,98678,4,839,25,11149,60,0
5324,27.638470948222526,82821,35,808,39,9717,60,1
11787,25.88431325710615,32204,16,694,68,16642,36,1
10111,9.92219679439209,27394,13,730,30,13640,60,1
39110,16.02876380576581,84814,28,476,38,16837,24,1
17389,9.985289943963375,53593,7,705,38,8990,60,1
42427,11.611795416679769,193036,33,600,45,4170,24,1
15043,17.588674537797154,135064,39,744,50,24817,60,0
29746,6.702725618088063,73365,0,426,46,5136,24,1
23350,10.45435823983183,151515,28,648,54,1712,60,1
42605,28.384454032677933,179252,35,320,39,28794,24,1
1117,16.652907316462226,199863,36,719,43,34770,60,1
47685,16.134663149446805,194737,28,451,28,8151,12,1
19935,5.3641788687819725,123700,4,459,28,48438,36,1
48077,11.184993676458644,117077,31,779,62,39022,36,1
14234,26.65731089955453,154537,23,742,51,10473,36,1
39328,9.115710706466718,88247,18,395,36,15303,36,1
1846,15.378123488368027,176270,11,651,65,19495,12,1
11954,5.358272646675031,74740,0,374,54,21625,12,0
14703,16.958387041763896,173560,6,658,31,13761,60,0
49153,5.525527668155429,189587,16,432,46,8918,12,0
47514,25.490238826644998,47898,33,699,36,34599,36,1
23700,25.62134418717759,152991,6,438,54,1821,48,0
33043,24.693554707559247,82613,16,545,38,34584,60,1
7469,12.084101722277955,116707,2,590,41,48646,24,0
31105,25.93093045554545,131777,28,411,43,49243,36,0
43101,18.574953315131733,67003,21,469,58,36200,36,1
27386,14.345202721675061,68478,37,539,29,18353,36,1
46587,20.633248992605825,165506,28,636,65,48250,12,0
37976,5.3085261515093505,197318,4,437,36,18768,24,0
40051,8.574021940018804,187721,29,535,64,36447,60,1
3048,23.55733845425657,79030,22,302,66,29184,36,1
40001,11.104040217903826,153071,20,415,47,49754,24,1
13941,19.95022793321874,165921,25,771,32,16811,48,0
46375,14.627565070575741,72800,20,430,20,26595,12,1
43533,26.370144469981536,25445,19,782,66,26032,36,1
2828,28.81038264991609,169112,22,700,30,40966,24,1
2917,27.08911820925476,20246,3,500,26,39031,24,1
21618,11.765499867339916,51153,20,591,30,17757,36,0
33254,9.854071726152057,25212,20,641,33,41600,24,1
40756,16.860872340518377,154411,0,515,68,11954,24,1
48362,5.183353770904507,76238,14,665,31,29793,60,1
21128,5.645234821579543,170466,16,768,25,37930,12,1
46745,18.832265990575003,73871,13,717,36,26806,60,0
1009,18.011235104132147,120672,18,326,49,23224,12,0
17644,29.8645497258815,54607,33,754,52,29236,12,0
23422,10.046045884093953,72055,5,313,40,3811,60,0
10865,11.452598229011711,124509,5,397,38,30368,36,0
3219,7.838516058157167,155467,4,578,35,36074,24,0
40809,27.938575241343617,147378,6,789,65,32719,48,1
6287,24.44528111146127,166362,32,506,31,8637,60,0
35387,25.558477786421186,107687,12,532,33,12133,60,0
9512,27.569094699112718,85078,0,538,41,46986,36,0
2342,18.122499668145956,154763,12,549,66,28871,24,0
44336,16.279829786268092,158542,26,605,69,27571,60,1
20216,13.259786841640413,154913,6,762,49,41472,48,0
28534,19.73036535869639,122652,2,535,28,48653,24,0
15231,16.356959919745563,83197,24,590,62,1401,60,0
33293,16.289139665139377,75773,32,338,28,10004,60,1
27614,28.423196593278472,168848,39,482,21,33313,12,1
37258,29.600787856978254,138943,16,329,43,35301,12,1
29253,24.912109733239518,47584,13,687,63,34777,60,1
43078,23.918952256173206,155372,36,442,22,28008,36,1
41752,22.013954044477536,23338,22,718,53,5901,12,0
18988,9.151871308337842,82601,23,373,50,4085,60,1
32037,6.477645521891363,156559,28,354,31,2215,24,0
13219,22.268157877831577,56282,37,323,49,48809,48,1
1235,23.2196555564144,135447,26,321,24,15763,12,1
43929,6.174324777453495,115798,37,727,27,2184,60,1
2908,28.201293755721203,150963,39,331,19,10354,12,1
9567,7.278515986116938,128611,22,638,27,34043,24,0
37298,12.14751334428006,179876,30,814,52,9504,36,0
6256,21.80974531996761,160987,35,811,38,3523,60,0
20019,9.246814860111908,31158,16,369,57,8707,24,0
9162,6.385397211056111,30547,36,387,59,21167,48,0
6415,13.278662229103745,108713,2,518,25,33787,60,0
37159,24.149289371379478,22459,35,569,63,25871,48,0
44925,15.341966974631509,179840,4,377,35,23982,36,1
6951,21.32432304769848,83146,14,309,26,1049,60,1
22852,19.490477430703415,123577,5,767,58,13381,60,1
9007,5.555462050639511,127761,9,635,47,2340,24,0
42832,29.713499676142668,123727,31,485,21,42217,12,1
31523,6.035702220484694,70460,22,845,52,48390,60,0
24325,29.195068441212126,102970,16,420,31,35753,36,0
22204,18.746604459109953,189319,19,573,31,12061,60,1
16524,29.078975676626662,35419,14,709,65,5705,60,1
20282,7.868839985345886,55577,21,657,54,24014,60,1
24930,17.260212979637828,22921,5,397,37,33473,60,0
1077,9.237602296651467,155748,3,540,46,28147,36,0
41345,6.27437192556106,164535,22,413,40,2484,24,1
21611,20.43822787655779,176546,18,786,64,1745,12,0
17984,10.194585524042285,60935,30,540,38,22148,36,0
15060,19.692425457188648,145534,2,455,48,16216,36,1
18449,7.809112048724641,92828,27,651,49,32547,48,1
19520,13.29966178581757,143649,2,343,58,41929,12,1
44303,24.540813951331177,109062,13,611,24,46742,24,1
10510,15.926288046054692,75152,17,437,30,22012,24,1
30287,20.69363537243341,116491,26,735,40,777,48,0
29173,21.18644851863865,106569,9,442,25,9525,48,0
40711,26.09387609968234,92467,14,598,29,43077,36,1
12954,13.123069860166032,176844,18,561,53,43348,24,0
8804,22.18238906456294,167435,8,811,33,3114,24,0
7565,29.040395176154142,179562,3,361,43,45173,24,1
6984,23.2560833589467,142537,14,722,46,35704,36,0
22526,17.246761917943616,73806,7,695,46,20494,24,1
38438,20.76793611229823,151332,0,330,23,1345,60,1
19574,23.492072444077703,95992,6,629,54,2041,48,1
10184,20.306894142346813,42320,30,468,50,14330,48,1
20096,5.416895337245979,98971,17,565,48,13198,48,1
3192,9.869337442180647,193217,11,607,63,40272,48,0
35016,25.26170543038665,68581,29,758,58,9747,60,0
12246,11.816266182812118,113645,32,484,35,17073,12,0
46558,23.28905298902835,40754,6,633,55,30286,24,1
19381,14.303005381042468,89837,27,814,64,28028,48,0
37455,18.04710820394858,158279,2,740,48,26110,24,1
27727,6.699332495485093,178992,5,690,33,23440,24,0
5018,9.530639026242739,143746,30,553,57,32887,60,0
12302,28.929924087980865,134780,37,634,68,38937,24,1
2970,27.25345133617285,107081,14,699,54,38600,48,0
42157,21.306877772476255,44016,6,465,31,47417,24,1
28202,16.491114934643434,80522,29,559,56,12246,60,1
32110,21.894032322380596,140896,26,303,21,27428,48,0
18586,20.465257227348474,132099,16,418,47,1613,60,0
25519,19.213806390115302,171174,17,769,50,48343,36,0
32273,6.4794267965885455,124429,21,769,53,7623,12,0
22951,20.82006526653767,21924,25,792,47,35801,24,0
16374,24.22300111427921,105015,26,799,31,5659,24,1
6788,29.85204136613939,124987,39,369,40,45023,24,0
6408,5.276963814857742,74333,23,669,65,29653,36,0
26053,23.254336332766915,197171,7,480,45,12080,12,0
10446,19.294732898399513,146372,20,304,24,11976,60,1
1922,15.851304402023917,151378,28,496,59,43586,36,0
34187,8.189254364284272,108495,20,346,27,15718,36,1
11789,15.227128715871906,89767,2,439,21,9341,48,0
33184,13.859429574653383,124332,30,839,61,47964,36,0
2120,12.570747224468555,163279,26,726,55,16296,36,0
45028,23.271990583055192,59426,26,609,30,26285,24,0
33154,22.518138032106595,26336,8,573,38,14134,48,0
18334,19.72550227452279,132200,32,838,50,45009,60,1
3336,28.466620332334305,37256,32,689,57,29337,12,0
39141,13.746359604521361,53719,25,758,45,455,60,1
3243,11.09504844275449,62017,27,660,40,7643,48,0
20029,21.39758282745999,65704,30,368,49,4620,24,1
33265,9.970351523435074,50013,0,730,65,8867,12,0
38380,12.875262679585616,99991,19,331,22,25577,60,1
47714,10.615061001872121,90258,11,812,43,28647,12,0
44872,6.72883919296253,98348,16,481,56,48894,12,0
47197,25.687468540891835,187848,14,547,43,25471,12,1
24710,11.36351357304153,30060,33,596,20,5099,36,0
30486,16.825687583575515,157727,15,329,41,13887,48,1
7371,6.082881831357799,69923,3,601,51,43314,48,0
7359,22.483486656316078,98563,7,775,51,48203,24,0
41631,13.264025057657271,155102,33,651,37,27669,60,0
36996,23.61841819573025,109779,24,781,47,59,24,1
21103,15.310076511696654,184361,14,616,59,12673,60,0
15382,9.893890160140614,170811,27,696,37,22695,12,0
19755,17.8293770570509,119704,8,388,58,5531,60,0
36659,8.262613990935995,149157,1,533,35,2764,60,1
4756,16.01347899682487,130234,16,467,55,1794,12,0
21609,12.932636935512164,81687,9,425,37,10721,24,0
49538,27.79898960499083,56491,8,419,23,5686,60,1
17478,6.523218043017999,92115,30,727,59,47443,24,0
36442,22.35043535264355,137935,1,489,42,29467,24,1
40666,9.568779149685898,103778,23,727,58,37755,48,0
11147,12.976126858305996,155853,18,501,58,12888,12,1
34561,15.387851576551649,40448,16,358,20,39348,12,1
35884,27.700377234374354,71550,9,522,61,13533,36,1
6779,11.064456651845628,69294,27,791,60,21916,24,0
13298,7.282720063616756,41446,37,310,63,3553,36,1
15153,12.967240099763089,96579,27,811,36,8144,12,1
44879,7.6168992633883335,134679,0,609,27,42042,12,0
11789,8.214912149013813,105615,2,333,68,45207,36,1
45165,19.346264949375666,37101,14,639,22,25509,12,0
13999,6.522548327487333,48016,9,780,39,5437,12,1
1814,5.773272034839151,170004,20,392,26,24547,48,0
11541,22.860352536762445,195725,36,432,50,32518,60,1
25938,14.041177371026112,110481,14,718,32,23830,48,1
3443,8.134383730846832,72802,22,767,41,45045,60,1
11457,11.340319271492707,27549,13,743,47,8749,48,0
11380,21.052162683809975,176434,14,329,53,46553,48,1
8783,11.88841417852128,67842,9,597,56,22349,24,1
45241,17.3630281280102,66539,8,360,23,29289,36,0
18368,8.042382668166807,53717,38,757,32,5915,48,1
16328,19.702340940136175,174088,4,603,55,28695,24,0
27215,12.901942096081601,135042,24,639,56,9734,48,1
34595,20.674210863217915,147922,25,747,69,14703,36,0
28306,25.209872057600574,112447,7,601,39,22499,24,0
20915,20.29116048474981,103402,21,839,20,21478,60,0
40915,12.393689064875517,62607,24,784,46,2382,36,0
38219,11.393592538707509,178693,11,376,46,30128,12,1
16343,13.1855239683362,32823,8,814,48,25583,24,1
47403,9.115512830912621,49986,9,848,62,42241,12,1
39727,9.529296271250502,141682,9,391,19,37126,24,0
1126,24.767277547504197,84325,8,765,52,41080,60,1
28632,14.618314412686125,147925,25,765,62,46799,24,1
42563,15.899879514264645,77771,34,339,26,28692,48,1
45409,19.85123663917028,74973,26,628,39,32907,12,1
21530,19.741337378788693,165762,30,584,36,7644,12,0
40964,6.684421788048143,59107,18,365,67,34583,24,0
45327,25.78851965844164,77888,37,408,54,37069,48,1
4368,9.433163830598485,30956,5,714,27,45098,48,0
4797,23.076790901241722,106839,14,391,63,15185,24,0
48882,24.316774703204164,187605,28,667,38,40053,36,1
14718,22.872488352282843,121131,4,722,34,41988,60,1
35560,19.47444116385363,87594,13,539,20,10446,24,0
12053,5.365224927722071,31519,1,734,24,23162,48,0
23116,14.009387309079267,182187,22,511,58,14150,60,1
37244,20.12098573406453,21832,18,699,54,41304,24,0
37185,14.686282398063467,192440,23,825,53,29837,60,0
2645,26.586997372820328,133922,19,767,20,36003,36,1
48523,12.720056883740384,125474,26,469,30,1387,48,1
20256,12.33836981146651,89715,23,509,58,12209,36,0
36840,11.649942327316449,91835,16,555,47,983,36,1
35622,13.319521724019888,93366,24,372,40,47114,48,0
38430,18.93512410785468,57570,30,446,24,32151,36,0
40282,22.67538235681477,157687,27,639,47,21803,24,0
3708,21.564197943469626,58311,27,616,46,19378,24,0
12694,25.19294549953699,110245,21,453,25,7548,60,0
10524,27.147849887435623,123187,4,554,27,39621,24,0
32880,25.40197605858378,43434,7,650,50,775,24,0
40224,5.473635084358865,106879,37,846,37,21365,60,1
37980,23.397948838799717,35739,27,611,46,30707,12,0
33409,10.20998934045829,86202,11,433,46,49887,48,1
14224,8.323201067699566,118580,24,428,38,24137,24,0
41738,20.962219619978388,99599,37,735,18,21531,60,0
26150,12.993579885192373,184721,14,579,68,17870,36,0
35393,6.4279290842610814,198517,33,657,51,49547,36,1
44082,8.440743359959033,136770,12,551,61,45738,24,1
8973,5.0232354217490265,59470,7,434,49,2001,48,0
9577,27.580590683617682,94965,12,822,62,44407,60,1
9070,5.615449596030965,145332,35,618,31,14756,60,0
9666,10.236394237737777,199693,5,379,54,40830,60,0
37368,15.406569517197683,149681,37,490,52,27863,60,0
7783,13.914283148770478,183998,31,752,41,10046,60,1
46994,27.793146922819393,134300,20,643,66,23652,48,1
42914,6.007223643363552,57997,6,329,18,36956,60,1
5971,17.80536769192629,191796,25,713,63,13886,48,0
14490,22.01198656310935,117805,14,667,23,20745,48,0
46719,28.29244934202922,182776,22,801,66,39117,48,1
46080,20.509281303093026,142202,37,320,21,31823,36,1
2990,25.093880900294067,179463,14,848,55,38948,12,0
6299,7.09312344613371,22526,39,545,18,13322,24,0
46765,14.648487773423184,175758,15,582,58,7794,36,1
20956,14.348678361976686,93339,31,531,48,46169,12,0
23359,27.15720541139294,26574,36,615,53,49895,36,1
47240,8.784279281581874,28733,17,635,26,6162,48,1
38148,8.797154308415756,70290,19,710,58,48691,48,1
29734,13.213953747144961,92793,1,544,62,16757,60,0
5757,6.36165118417094,56051,22,686,40,5905,48,0
20097,9.561451016312251,35909,29,657,48,28765,36,0
11395,29.13024096364338,97338,2,321,46,45044,24,1
17241,15.70459849667932,93432,38,318,66,38457,48,1
39356,20.800480210560913,48133,0,586,38,19404,12,0
28696,23.152781483615925,99062,21,575,20,15380,36,1
5944,14.174035175180013,162350,28,371,43,15508,12,1
47163,8.680676860262924,131546,13,664,23,19676,60,1
20816,10.16452540554452,71458,27,634,37,23260,60,0
38011,12.831661914515259,75415,20,498,64,6897,24,0
25917,20.901710508805643,74160,31,316,63,1564,36,1
32195,14.95701372722636,74399,5,517,30,49102,24,1
22566,5.170367447503203,45298,0,446,58,13870,12,0
10916,18.085179626686795,173263,20,509,40,14219,24,0
21806,28.03783479768545,184164,3,713,32,16441,12,0
10984,25.301940275216975,109407,2,629,63,19880,24,1
2759,25.630284281490777,82513,29,651,48,10379,60,0
42949,24.876450440153278,71097,30,462,21,2948,36,1
27838,13.093270640260592,181351,33,400,28,29593,24,0
3482,24.1298458438598,165476,18,626,19,35902,12,0
25442,8.579033945279825,55198,19,626,33,17971,36,1
34719,21.442903681898837,69997,22,454,68,8969,60,0
28965,21.03921416712486,151639,39,309,48,20646,60,1
3079,5.639244977243367,22179,24,652,65,3678,48,0
3717,24.69925333977329,22019,14,482,56,43508,36,1
28952,27.581202627378264,101455,37,754,60,27519,24,0
21908,11.68538196180269,169776,22,305,61,3343,60,1
43460,25.309768104653774,169102,1,632,21,4014,24,1
25861,7.060149296548705,146883,14,632,65,5107,24,1
8311,19.99919645652665,89445,34,557,45,44638,12,0
29071,17.14117163335693,93551,9,510,33,37096,24,1
24570,18.648088332725003,23420,13,350,56,37423,48,0
19449,28.155130047108628,79875,26,744,42,38626,36,0
34536,26.782881181171337,198725,13,676,30,38388,36,1
39258,24.627091430993925,36740,34,785,22,41880,12,0
49302,11.842461441959275,85263,32,350,47,32332,48,1
29865,27.79546571715229,125789,0,453,18,39772,48,1
7645,7.437692311596882,39465,33,609,22,34010,36,0
39000,26.333230413969694,24131,18,698,31,23399,48,0
27737,13.204001808840195,30652,23,433,28,49232,60,1
12485,6.344307791549584,198219,3,519,51,2661,24,0
39565,21.733924606018707,67671,35,462,46,4798,24,0
26522,10.781998207898887,109342,12,801,35,540,36,0
13342,11.089278146615797,39171,31,414,32,22329,36,0
41806,12.651179155719287,78541,8,798,63,25850,48,0
49770,6.592119187562918,29470,38,771,42,19169,12,0
14087,9.42817860495635,64308,15,448,47,3157,36,0
38641,5.1284906896390074,172398,2,540,62,37485,36,1
35249,16.135238027644668,155669,19,422,19,5336,36,0
11093,7.106384435449282,122840,9,368,68,7165,48,0
48190,22.066315126104975,181860,21,362,57,27618,60,0
17438,10.89057127979121,69477,2,315,44,42280,36,0
41411,28.589353600879427,128261,10,689,66,47496,60,0
27399,26.781290684966315,122466,24,557,32,13754,48,0
20846,12.236022374205206,53071,7,516,49,5209,12,0
16708,24.580386366416967,90560,8,778,37,14490,24,1
45039,25.081122616620156,182842,14,413,31,27601,24,1
46368,29.66407785286026,96762,31,679,44,7645,24,0
11998,19.945999671142125,186471,2,536,20,38508,24,0
48063,7.049143366091554,195487,3,775,66,36922,48,0
31678,21.170930723159525,163641,29,428,20,35433,24,0
11682,20.62449370940088,22369,12,809,30,6018,48,1
9519,20.958764435510794,129963,20,464,42,26374,12,0
32480,12.678641202605288,20528,18,576,35,5713,36,0
20694,26.491989627008323,128806,38,556,18,45839,36,0
4300,28.986804573885298,181386,21,431,56,30072,36,0
7722,10.442812824453789,122979,19,556,22,21535,48,0
40986,7.203803953416111,169119,36,440,19,31320,48,0
25160,9.863375829212103,39748,30,508,47,27563,48,0
21059,25.51380348139297,55109,9,818,34,48095,12,0
36822,21.91611587049619,33919,17,350,46,18962,60,1
14575,20.901183558478166,67498,38,802,59,1026,48,1
8970,15.044828377735612,75808,19,558,21,4473,48,1
35911,19.445699287785892,90441,17,477,26,4667,36,0
22591,12.696853131859186,133843,10,842,38,27889,24,0
32821,16.93000198544903,94420,21,655,60,26140,24,1
10503,24.826575709266397,179978,17,617,29,16970,12,0
48917,29.531039936386552,127447,33,663,29,15941,24,0
19922,28.312223089745046,86896,22,354,67,29028,60,1
13175,28.34664857115622,123431,0,455,21,33452,36,1
42124,15.05559337117781,173018,9,343,45,22426,12,0
22389,16.71974701266977,67020,0,841,26,3268,24,0
48838,22.64088490922454,42161,37,621,57,15193,24,0
1822,28.054798201282107,47738,38,313,68,28066,36,1
18327,8.549856483802117,154997,8,656,49,658,12,1
48057,12.606046595679894,159535,30,782,30,34064,36,0
7150,8.481171114852739,77153,6,658,51,34293,12,0
5425,20.30021324898638,81009,16,617,36,43042,24,1
17032,12.657524922188438,107938,34,374,31,39918,36,0
3198,13.152696312814337,119546,36,493,22,7792,36,0
21079,6.772898987199481,192624,17,662,44,6604,60,0
37220,13.744901545189798,76271,32,395,45,47821,36,0
42874,26.562412685039632,29797,3,339,43,38557,12,1
14859,10.826820297270874,106130,22,696,27,7420,60,1
32419,22.379686655251643,91942,10,406,41,38521,36,1
9705,20.740708623464815,138065,8,316,34,48312,36,1
43880,26.587115209227882,33965,29,826,69,23018,60,0
24236,8.307198691275957,33733,7,798,33,5108,24,0
23419,29.43974900862608,147182,39,824,34,27150,36,1
20978,19.56571615100914,177998,4,342,18,5247,48,0
38609,29.88685380867036,179855,11,649,38,8401,24,0
16358,27.78786814664627,103360,0,329,64,17007,36,1
35177,10.537931802827645,187466,14,740,66,9997,24,0
30378,6.404050247582828,128378,24,841,60,5261,12,0
38334,11.390977344884039,48287,17,754,39,4268,24,0
12382,18.189091224985496,102104,37,393,22,5984,60,1
15596,9.289909176629749,181508,25,594,53,20926,36,0
34572,9.186493612949713,106916,39,848,38,31862,24,0
14221,16.564838677628828,23188,2,388,26,32458,48,0
2279,5.831699279233961,111205,21,802,44,10,12,0
46960,8.047202063306761,117349,25,513,65,17144,12,0
8083,15.396533485198688,157837,18,721,29,25903,24,1
44861,6.578247730199162,161879,38,825,35,1177,60,0
18771,14.918876411388233,30204,35,491,52,26946,12,1
30975,16.850156648711128,62120,20,523,32,9168,24,1
46648,16.28166535182786,122903,25,686,67,2389,24,1
49285,26.729371435077184,173730,12,773,61,6364,12,1
20063,18.25156137629331,57081,35,502,47,27033,24,1
3106,16.699511561951084,54986,23,746,62,48545,24,1
25557,15.267731134791655,99322,25,367,50,11865,48,1
49854,25.440584457612154,114819,20,391,53,18936,24,1
21607,27.37641509999583,150015,17,477,57,12327,24,0
38599,26.33106172992794,70304,14,302,68,32252,60,1
29529,21.83866445328477,85592,14,402,47,35078,12,1
36954,8.434043649216855,78548,5,572,43,3741,60,0
28856,11.921749237300308,118447,30,833,38,40053,36,1
3573,6.151576592049436,59986,27,415,54,24001,60,0
13808,28.270601874752852,94095,7,763,60,3839,36,0
36367,21.51996324227276,111594,28,403,48,40349,36,1
37801,23.659072107831037,108281,20,558,34,19139,60,0
42196,12.789293489555725,86151,16,607,34,46905,48,1
35072,26.14133805693356,93598,23,666,51,25398,60,1
24752,11.490082092711962,48214,35,601,41,25036,12,1
18685,5.041093927811242,58745,30,326,50,38005,60,1
42401,14.410374063017349,193620,33,807,21,45272,48,0
12372,19.269037023976836,161753,1,826,26,1740,60,1
9996,16.967621449138065,158056,2,664,19,18508,48,0
17458,26.551903564414925,178651,29,597,52,31611,12,0
32889,7.635132148904173,110810,7,660,55,5291,24,0
27665,18.84558601584314,178471,6,803,62,31109,48,0
39243,17.824483745522684,182553,11,329,32,19481,48,0
32653,12.034824554304075,20944,18,738,60,5247,48,0
27657,25.555702814425263,113993,25,639,59,41613,12,1
40952,23.821216397055156,29114,27,425,20,21383,36,1
23180,23.321479683295774,59846,14,665,48,44501,48,0
32896,26.9048119567389,52596,13,742,69,25319,12,0
13875,23.06961501553803,124087,13,562,58,39334,24,1
2622,10.796032292868162,26907,2,521,59,23728,48,0
49756,22.639067791242276,179186,28,301,40,33620,36,0
41809,12.692570334746096,45009,5,693,29,30442,12,1
17725,11.054366258686763,104846,22,605,25,21310,24,0
41760,6.825089822490683,70241,27,445,38,42521,36,0
16646,23.60071450869192,186797,13,829,38,21452,24,0
18029,22.77502404874528,38996,13,827,49,12137,36,1
30402,10.862486941852342,157119,19,607,34,43636,60,0
5263,23.734475418103898,48767,12,639,54,14905,60,0
31987,27.946022077338828,36347,26,651,41,21773,60,0
47828,7.700723937289482,122063,34,508,25,30024,24,1
48924,10.815915959669374,44102,1,504,35,17702,60,0
9646,23.756519852182887,24263,39,314,28,16505,12,1
28529,11.862666837676956,128585,23,727,27,4254,12,1
12664,20.61659935709292,87438,28,775,43,49007,60,1
36737,7.029105611592863,116359,2,597,64,8498,36,0
36796,16.305061977588466,181612,3,393,23,12174,36,1
25027,23.477285549823826,150251,1,406,68,29422,24,0
30373,22.162848576081313,191915,19,718,34,29733,36,1
37397,25.37680251689517,47690,14,577,40,1896,48,0
21609,26.93630316507922,22994,31,427,59,45646,36,1
36835,24.329587531468956,123533,0,758,54,38744,12,0
39709,21.789693573473148,87546,37,337,45,3911,36,1
20250,5.793062295400778,158449,34,497,33,49105,24,0
22172,18.374166835236103,98572,6,656,29,8340,36,0
12555,5.94244312287132,46467,12,306,38,17423,24,0
22874,25.201695427900564,151120,0,631,41,42350,48,1
14081,13.01811311149894,188050,13,818,45,36672,60,1
25063,19.060734352948025,67606,28,493,54,4876,48,1
7819,11.986132682972565,118112,2,615,38,41077,12,1
26712,24.56250360950734,93414,23,300,50,703,48,1
25762,27.162563166047562,113145,0,361,19,38238,48,1
12046,14.9660623553266,68115,9,642,54,6440,12,1
32463,26.573059837774725,109606,12,317,36,31937,12,1
29769,11.67687518640831,60647,35,670,45,2024,60,1
24150,18.366523076888093,74607,8,534,32,15751,60,1
3711,26.4690357459676,41996,13,368,18,12730,36,1
5853,13.147033565394759,103697,35,746,60,21380,24,0
30077,28.851056626952143,66022,9,307,45,28972,12,1
24863,8.046987544534591,60148,39,761,67,37113,48,0
22792,5.456876743087656,87764,22,610,52,10149,48,0
41483,27.603383814454766,111901,34,433,49,38402,60,1
9942,6.716216653696806,110724,6,684,45,17381,24,0
49275,29.79722989868729,144766,34,355,26,49557,12,1
49594,28.78492154947765,28888,1,659,41,32359,60,1
2762,8.425522750908016,190231,14,413,21,43808,24,1
32987,18.439615642314145,193269,8,387,62,243,12,0
16850,9.62300743667861,118941,16,437,58,2414,48,1
13112,15.703879325752997,175546,38,407,20,3856,48,0
25058,6.535628231495817,37333,17,799,65,6263,60,0
46420,10.598114694914738,56355,14,834,39,47953,24,1
39890,14.081819909972488,149686,17,443,57,15799,48,1
1481,15.966187506151371,182217,23,355,56,41392,24,0
48304,29.43740645522233,123170,22,305,66,12470,60,1
33921,25.19664114209953,95675,11,841,42,13772,36,1
41385,23.435248607798655,87664,22,746,65,27382,24,0
2524,18.426032868549356,106153,20,684,39,33909,24,0
35888,25.999944015108586,113616,25,606,67,4126,60,1
16048,13.483070891392778,55285,7,601,65,19408,36,1
36111,22.7224778193329,168605,29,704,64,14863,48,0
38904,29.844599384454302,183696,33,809,51,13584,12,0
35008,12.865722723379971,66996,1,372,37,23391,60,0
1060,21.850438372099184,66947,4,564,53,19840,12,1
10130,26.10787160380956,179028,30,526,54,36965,36,0
19023,27.895189583766808,71030,32,492,56,25671,36,0
46080,22.948317273502546,62443,3,673,44,38592,24,1
14350,12.090198085428407,148344,5,309,64,12097,12,0
25354,13.157053789223662,85464,22,601,66,18839,12,0
46186,5.518950803099106,148019,18,658,49,44883,36,0
29145,24.022149441787743,155024,7,351,59,17774,12,0
35020,6.068490151548785,140454,38,398,69,37693,48,1
21587,26.616308865068643,144444,12,312,46,49769,36,1
42131,7.96651536186347,132175,0,689,58,2469,24,0
10650,9.296912803398106,62460,5,656,65,12468,24,1
20933,16.913161770805935,173868,6,310,49,35470,24,1
21581,23.447010379218558,182818,26,380,41,39025,12,1
24393,8.475055129976942,20015,14,560,20,40873,36,0
24051,16.00177687666246,69757,33,305,44,3165,24,1
27212,17.07128186025262,177029,22,757,26,11370,36,1
5090,10.307141041714782,101541,23,672,57,43251,12,1
7960,7.888959417015793,41292,14,780,40,47526,48,1
36772,25.910523074640988,142694,34,521,24,37198,48,1
22520,17.561641244069136,182948,3,380,34,42006,48,1
37408,5.359530899603825,67046,36,814,54,38760,12,1
29470,25.074532532727595,34817,16,359,24,28942,24,1
21491,29.51984513536462,29759,30,520,47,45017,12,1
2341,20.148154885356185,199504,37,648,30,32209,36,1
45623,17.592709677101766,26412,9,527,35,39365,48,1
25791,26.96039657612404,40504,26,589,48,1407,36,1
1338,28.812919742114964,128500,5,592,39,25976,12,1
6895,23.863422897561513,28507,5,492,31,41969,60,0
13254,16.136323243357197,41050,14,773,35,38325,60,1
12344,19.805534983286012,155892,3,556,52,15515,12,0
2750,22.52338412544998,158907,39,805,34,36174,24,0
3421,9.856839275045036,120153,6,687,36,11794,36,0
40887,16.18002580541095,33587,25,697,48,5700,12,0
6319,25.745531617932127,77732,30,665,56,8127,12,0
16896,21.368133712461074,71921,1,589,53,27391,60,1
12918,15.280101680296353,196571,27,608,32,10740,48,0
26064,21.584063350367035,137734,12,577,46,1545,48,0
47617,7.955560301811497,150104,17,763,57,23691,24,1
28935,15.037440264121908,157912,29,488,33,16518,24,0
38641,24.828213449076408,51440,10,477,50,35627,24,0
30711,10.5127196784162,55183,12,827,42,28054,60,1
5806,9.649037688935442,116172,23,674,33,13057,12,0
42360,28.770466497910785,153461,28,753,47,6003,24,1
13182,10.247440739655769,134515,4,516,51,34032,60,1
23297,11.522964491254202,143183,34,341,19,18156,36,1
20541,29.240398472608447,86299,18,493,57,49316,12,1
29921,23.367714256625643,135503,12,626,61,45380,36,1
17774,22.489913325588205,59023,4,672,60,48787,48,1
45813,26.323159596364533,59941,13,764,55,48345,48,1
38198,7.895577055919857,141677,37,462,68,27563,12,1
9820,22.64890591450018,96054,21,575,35,41579,24,1
25070,17.592215233205973,85363,8,663,22,6725,12,0
5232,25.7287660071035,81742,39,779,64,21682,24,0
12122,17.703542966629858,65215,25,759,57,27727,48,1
16023,20.5060338567228,67857,4,564,23,39582,12,0
9007,16.943553159988397,75476,28,838,29,16185,12,1
18905,16.953973088896102,179245,21,685,68,36740,24,0
42786,24.19924945154579,160467,2,384,29,7594,48,1
30398,20.714160016182078,79768,27,615,29,49554,48,0
35268,20.83158004023526,123591,37,542,26,7199,24,0
7737,16.257062095788143,66229,13,768,59,39032,24,0
37062,18.277737408438192,177711,13,641,39,27350,24,1
26510,23.64294165511968,131706,10,476,66,15874,48,0
20426,25.648522977797956,82583,8,429,67,4480,48,1
38265,22.414035053601154,179996,37,382,33,30435,12,1
18850,28.101824721142076,146011,5,659,21,30120,48,1
1614,25.508102203680025,50104,0,387,67,6619,36,0
22776,19.04659474523796,57594,24,831,20,2607,36,0
25077,21.78515181609342,23664,15,770,33,9382,24,1
10374,28.1577069230299,30528,14,797,31,8580,24,0
36435,20.47920110607646,179262,33,806,58,19788,24,0
31907,25.620173699495766,148404,16,653,55,22026,12,1
14409,22.220262589749677,52899,2,715,21,17173,36,0
17514,18.798409026511663,90979,2,350,19,23280,36,0
30866,11.045954885383829,37241,36,362,27,34262,48,0
3983,15.649937986710704,66211,16,388,28,47156,36,1
32705,29.19357062084289,83472,37,489,56,6710,48,1
21662,21.444134581815,51346,0,647,43,33588,12,1
24510,19.109884508474742,101196,6,837,54,12228,24,1
13651,28.323915638205683,124451,25,475,43,26055,24,1
41998,19.662794525936217,122908,38,663,21,31152,48,1
29535,18.152062960435075,193292,18,782,43,20449,60,0
7640,23.98277137875513,169014,29,418,55,27706,48,1
45547,22.81664047466361,69167,13,468,45,30466,12,1
16317,9.829000210210818,56373,12,446,19,22585,36,1
8564,16.78270686435303,87143,19,736,19,44025,48,0
28345,16.812886070489633,140623,25,738,33,24279,12,1
49288,14.455612881083619,130013,26,488,40,11837,24,0
29687,17.93233705380633,22016,24,459,40,24209,60,1
14737,15.327684943178605,89110,8,701,30,12220,60,0
10323,9.983637236779579,197381,11,317,38,3965,48,0
16229,15.309162181867027,27274,9,439,56,45806,36,0
45481,6.806923689329415,35748,5,414,42,42276,48,1
9502,19.39464656936029,171247,33,627,54,49333,60,1
1545,26.3413637235278,31826,18,524,66,38768,60,0
38114,23.132177108863882,103008,5,738,30,27230,24,1
30430,14.00985100135278,149288,1,849,32,23629,36,0
10996,7.176780139432704,185201,14,685,45,41920,36,0
28788,10.05373498063177,174562,16,820,20,27870,60,0
30969,18.63725851237089,125623,15,552,40,17373,60,0
49543,10.17642708457582,192507,27,397,21,29155,48,0
14919,18.59932778212419,159592,20,370,64,42685,48,1
4810,10.789975619097472,103106,7,746,67,47422,24,1
31586,26.22309673690182,170870,9,389,20,33474,60,1
40974,14.931786821011492,74638,9,729,56,23036,48,0
42773,11.138765648612276,89072,9,518,25,4847,24,1
17371,25.30815450617654,87309,8,406,60,20714,36,1
46084,13.570974120136269,180966,27,775,42,12893,60,0
30629,7.787192195969548,144724,23,753,58,4649,12,0
9436,19.26023728509104,147843,18,843,69,30571,60,1
13984,19.53910511094972,55326,32,425,29,11613,48,1
34039,22.867391880893354,25079,3,446,22,39364,60,1
20895,11.00548583020964,176910,2,579,50,24428,12,1
19155,16.094283477306128,141412,11,323,63,46706,60,1
11616,12.059197976066406,107340,17,419,42,41382,48,1
38129,7.0238434028922025,198181,22,596,42,22533,36,1
40837,26.91534567539729,105211,19,381,52,10106,48,0
25574,23.221745112208527,176666,5,747,32,32313,24,1
4430,12.536576486470018,62749,33,769,59,20394,48,0
13676,19.98432482179966,187364,1,722,43,12277,24,1
11816,10.031594703361812,138192,29,844,27,15448,60,0
33733,27.255915544894272,94534,8,323,41,13133,24,1
21144,7.872658584047757,99233,26,360,52,44142,60,1
3050,5.095928637695023,71818,33,383,46,4646,24,0
45460,17.550204943479553,131910,39,524,55,13708,48,0
34933,19.578195586321733,33429,23,485,22,6090,12,0
25951,19.47413300739511,77748,16,674,41,26634,60,1
33413,6.362798185945657,68807,28,371,36,26221,24,0
35801,12.851095172960811,27140,35,373,63,45552,12,1
33913,17.479973671033296,83226,11,640,66,44047,24,1
48037,10.414479640681023,165973,30,452,61,15392,24,1
41600,26.81564713714741,108815,8,395,26,43752,24,0
26280,7.177732236535851,48525,18,744,43,35304,48,0
25557,17.18461104180107,40491,16,409,42,19643,24,1
48054,22.285401437828803,186052,1,757,52,39647,12,0
36400,11.543777503362062,28078,39,350,67,14793,24,0
5494,20.606018424937954,111654,4,676,53,31794,36,0
16152,25.734628753559363,149101,38,372,31,7438,60,1
24895,9.758424377376189,199776,15,511,23,18895,48,1
10155,27.93051479562157,36997,16,731,49,18474,36,0
32883,18.83896331655895,151940,26,467,43,37402,36,0
44194,12.480800107526514,177470,6,630,32,16951,12,0
44001,15.771456884556768,117356,7,793,66,16504,12,0
2828,12.8047970946597,133711,7,442,48,6768,48,0
46028,23.127778998332904,41246,22,744,54,8507,48,1
42898,24.907516585378303,171633,31,693,55,48125,60,0
33123,25.823434807966525,167326,17,811,54,29810,24,0
38573,29.64420623964353,54512,37,627,36,620,48,1
1806,24.78210731241709,77865,11,558,31,20447,48,1
41970,20.034601767214085,174652,14,736,53,33221,24,0
30757,13.480507459794595,123393,27,648,54,19118,60,0
35636,18.614886217768735,92144,37,814,28,46599,12,1
15561,6.026704319760135,193557,30,748,44,958,60,1
49280,23.620626888247827,137363,8,698,19,10200,24,1
25262,16.148888627302544,70665,7,513,39,29318,12,1
15899,5.50058074330469,172110,18,845,19,33530,12,0
49988,6.56267353776027,113542,7,588,37,47837,12,1
16934,14.686661595543915,121311,33,558,61,46465,60,1
39197,19.585537975460877,34325,3,557,65,29840,24,0
42844,16.605098723803167,186964,30,687,34,22904,60,1
37332,20.480107932303873,152825,37,844,21,18435,60,0
35157,17.007356469783893,169068,2,564,31,47897,36,1
12593,21.54259613703367,88811,34,612,24,32071,48,1
41042,10.478151616770022,196283,18,339,32,41156,60,1
18320,7.821079679590535,136737,28,509,47,24191,36,0
28376,19.910848865641498,20824,9,571,33,49412,24,0
44513,17.117237923407686,164952,11,435,57,6746,36,0
15199,5.671691351123382,137718,29,359,19,28484,60,1
16876,14.512047137325897,86617,29,809,36,38658,24,1
9245,7.653139637274887,31517,17,814,18,6053,36,0
8214,18.28392079381738,172755,23,314,48,34048,60,1
1726,14.894441991510769,167948,31,554,21,16519,24,0
47600,20.328797777575446,123068,8,834,44,40645,24,0
12362,25.14005546925596,135016,23,534,42,2545,48,0
19297,12.49171709603727,29982,25,430,39,14447,60,1
31448,29.052552604125687,177670,2,316,60,29959,48,1
27172,18.39086251468936,165711,22,484,27,11677,24,1
43874,20.4572699688697,90210,10,690,67,8560,24,1
8657,22.016809330643426,89852,9,722,50,3662,36,0
19850,21.668288246439744,133618,35,741,66,48505,48,0
26425,17.774268576126552,29695,12,311,65,13055,12,1
27685,15.719107277867087,68582,28,819,61,39497,60,0
48319,6.3445491044344475,51094,37,379,47,12798,48,1
25578,5.552146132529494,42187,12,601,47,4808,24,1
29831,13.949029863319117,138013,25,515,33,8048,36,0
8906,13.341522265842316,148721,19,547,26,13107,60,0
8287,14.692378870975169,126683,4,840,34,6520,60,0
34660,8.45920502220475,21214,19,571,52,16928,36,0
11222,23.45420676342109,43940,13,432,67,23501,24,1
38443,26.424110369405973,64406,13,304,64,36191,12,1
35701,28.467865884350875,194553,7,841,32,29476,36,0
18764,17.309057587990644,167049,12,440,65,26948,12,1
45641,22.521642478135714,195911,23,782,45,4483,48,0
18674,26.388778085896814,78414,14,604,37,45295,60,0
19024,15.457277777337149,121440,0,644,50,39887,24,0
47007,12.73531987176111,176610,21,569,50,17481,12,1
24874,28.418113896337253,123569,33,407,53,10718,24,1
44642,17.891913776926827,80481,39,773,30,15373,48,0
33284,17.43134716477195,47740,2,381,21,23244,12,1
18602,9.460402414087394,83328,25,383,40,38203,24,1
38784,7.703875364333919,31881,13,589,25,45123,24,1
24265,26.05267156208779,56996,7,370,30,27629,48,1
26931,20.35332940468795,183249,15,474,41,31257,36,1
29841,13.145614600486217,142196,20,762,57,18327,48,0
30192,9.79340543475666,57177,9,694,63,34487,12,1
47542,18.887432004240786,86126,24,390,47,5768,12,0
43520,19.597982231528384,76531,37,768,47,24866,60,1
16585,10.174840031126454,46119,21,733,42,44649,24,1
26559,26.28514369728685,137744,3,548,50,9166,12,0
41059,7.106609153896278,136894,3,540,26,30743,36,1
34742,13.902327129160541,178987,29,795,43,16798,36,0
5133,22.009610344063052,153780,1,639,41,9042,48,0
15663,11.853009095480017,189821,28,770,50,11969,12,0
22754,25.691879869531796,64989,35,762,56,7203,12,0
4972,23.496695665010087,42106,20,574,42,4641,60,0
6295,24.725571113703356,37131,20,314,69,28536,60,1
47681,7.977663396917906,66553,20,340,62,14374,60,1
42873,8.513678199888574,26553,3,507,32,14546,12,1
30125,12.16184344361459,37881,0,359,58,49893,48,1
41996,17.951929129939025,21379,25,664,65,14102,48,1
10903,23.70040191748506,110791,1,539,66,33359,48,1
4020,25.91327226902259,125664,8,459,58,33517,48,1
42755,22.608382898929513,89306,17,696,23,34987,36,0
21420,28.214922038265957,170798,10,799,37,9029,12,1
22452,23.468587740398256,160160,24,508,61,47545,24,1
46648,12.656697175115369,185386,25,432,33,11322,12,0
39001,11.627032108464315,124512,35,680,38,44441,48,0
10516,22.404811257527246,36350,34,732,32,41493,36,1
48327,9.821764217240357,119599,37,688,56,12654,36,0
3396,7.317870270256748,101397,2,731,59,9965,12,0
19546,18.305571871404847,99509,34,573,21,7508,24,0
20129,25.541039244473883,37769,39,650,41,47859,48,1
2591,7.534496061746588,198321,21,433,20,35338,36,0
12303,24.79728309489323,121584,7,365,67,22132,48,0
31561,25.2893001087887,66365,14,504,18,264,48,1
7183,17.056850002038587,70185,6,597,47,16025,48,0
27572,6.43275775026217,153858,18,416,30,46117,60,1
35080,9.36474628117966,146525,39,566,35,41341,48,0
21695,22.68565687904831,152692,16,448,57,11488,48,1
8314,22.794448624773736,56303,0,493,28,42126,24,1
20623,27.458881879191633,39589,28,478,59,43438,24,1
3139,19.567153663864573,22882,12,447,46,388,60,0
48456,8.102684192844436,149236,28,764,21,2071,60,0
32290,8.035372637624302,175596,5,304,42,24970,48,0
19088,23.02830893392059,29745,4,825,53,47736,36,1
40692,9.59461662769753,35861,33,579,53,14454,36,0
34130,13.209637490415133,111707,10,798,61,7840,12,0
33088,17.180300173047847,74261,8,735,57,29654,36,0
27292,5.61912193940378,153909,37,515,45,11849,36,0
47249,11.220475675498296,94135,39,814,62,20403,24,1
21670,15.197240212682,74380,8,436,25,10431,12,0
4738,11.990907962330155,106089,7,579,38,22442,12,0
3469,8.409258186689145,125025,39,431,52,6630,24,1
23534,23.200306444904935,189327,2,692,61,47736,36,1
49874,25.328691379199622,180592,12,780,35,13008,36,1
10017,11.436974403593121,180613,18,812,64,47487,12,0
3808,24.36048736515758,178422,33,718,42,2859,36,0
48638,14.638839110032846,64397,31,501,63,2393,12,1
13713,17.66714477135007,97085,15,761,58,29144,36,0
41329,26.40002687232882,83865,35,501,22,14091,48,1
3719,23.748842045060197,75956,17,451,64,22455,24,1
23890,25.127921282904442,178525,13,521,25,34818,60,1
12700,8.42112916465892,120727,29,378,40,3121,48,0
37509,6.742985645843237,163978,1,499,20,9116,36,1
43534,27.335118227199676,34988,12,398,61,4971,60,1
37766,14.695856739277358,178795,26,512,54,44535,48,0
27705,12.19699195174202,53800,16,442,48,29644,24,1
19787,23.11740635654561,190179,30,688,46,24079,60,1
49845,25.910389914496417,178502,14,673,58,28327,60,0
27588,26.562240547457524,183607,19,351,37,36122,24,1
27123,12.899928528130683,107329,4,434,20,37242,48,1
34062,26.30530978004185,72284,6,710,40,3397,60,0
11177,6.023348609358635,76232,17,769,57,39049,24,0
22727,6.241537286492972,64420,10,411,38,12412,48,0
31220,20.58797987935386,57710,31,824,30,48519,36,1
10882,6.577659227888656,112035,26,343,25,5521,12,0
2136,13.115229212754038,191570,25,696,22,29151,36,1
35832,21.8188996561731,51283,36,560,42,3472,36,1
32966,13.431672401355659,45968,27,844,56,5481,12,0
8009,9.4899945360024,82508,1,687,54,38977,36,1
13987,12.033765546346041,133435,19,775,58,19883,36,0
38311,16.439383306260794,105366,3,709,22,23379,24,1
32575,16.88464638388706,25738,12,315,25,24265,24,0
2007,24.575005783680048,23098,23,401,61,41391,48,1
6445,23.753830735787812,115424,37,485,21,23656,60,0
11706,16.42044511390338,98672,39,324,58,9304,48,0
48517,26.141683727469285,58244,28,371,39,21080,24,1
45486,7.8559284647848955,159325,35,317,31,45911,24,1
30257,11.383833755722538,74333,1,631,36,43013,12,1
22736,25.699411587556288,145349,17,396,30,12445,12,0
43207,14.449850965653827,70969,7,311,52,40314,24,0
14281,29.529538969846055,110744,14,310,21,22857,36,1
2435,16.656332038195885,137286,16,462,50,28894,48,0
34339,24.798390574094103,195483,22,582,39,38570,24,0
36150,15.057676034559298,95028,1,540,18,544,24,1
26821,15.62383797656076,55421,5,344,28,39420,12,1
27660,14.572078682104587,152526,28,554,33,16052,48,1
6084,22.976890512770293,168594,26,366,21,27734,48,0
17661,18.687947101499862,58575,36,341,46,35396,60,0
14507,28.594452784209228,23192,33,683,56,36219,24,1
8059,11.272257913352618,131116,17,533,61,41497,60,1
19271,7.514068302086109,147874,9,784,55,1436,12,0
46539,14.831537127480381,101311,37,338,41,11007,60,0
8491,20.4178176911694,161474,16,310,69,28341,36,1
48295,26.519973422887375,100781,12,708,26,31014,24,0
15859,13.654922167008191,56527,26,407,25,35830,24,1
9073,21.34466877811154,72181,1,393,31,49411,48,1
10077,13.754967025580477,111472,33,383,32,7551,60,0
21953,20.430489574861454,178074,30,357,39,13113,48,0
12383,27.12019867576627,101219,22,592,54,48431,60,0
3353,10.783941056485226,163532,6,315,32,37179,60,1
24821,15.106041052675979,139783,37,776,23,4841,12,0
38567,29.831629910743665,181554,32,464,18,40729,60,1
25860,26.71392570623652,167519,11,736,37,17102,48,0
22195,19.11599644740505,199300,11,702,58,37964,60,0
12939,17.915689796356883,103265,18,685,53,19111,60,1
26338,12.115009557617025,70126,8,437,19,11093,24,1
22730,17.930235692338236,40545,9,830,23,7546,24,0
22427,26.20453745699868,75114,16,592,19,31799,24,1
36196,22.129362831944515,113740,39,774,20,21584,36,0
28083,12.251100704449664,33890,38,761,24,19361,24,0
22510,10.036598026338323,141284,9,672,37,14484,36,0
45064,11.630213424920727,72482,11,461,66,47871,36,1
8813,9.243980034820662,152812,14,343,58,47448,48,1
32598,7.391017400592899,181193,30,382,58,14101,24,0
48182,15.478404361051375,162290,14,838,68,42774,60,0
28570,7.832490109956693,91591,27,818,22,36248,12,0
28082,9.297813943177609,108241,3,710,42,42701,60,1
30241,18.683117108487153,54722,35,640,55,13261,24,0
31678,9.114981842489367,69431,0,388,35,13209,60,0
45569,6.596994185772571,62000,33,529,18,28647,24,1
12745,12.93472125069713,91975,16,317,42,8221,24,0
27029,10.507977465549189,50921,38,580,34,47833,60,1
14025,17.882629699859418,119265,37,721,63,19877,36,1
37124,7.559177114580233,108747,32,637,32,25557,48,1
15288,23.794269692074455,181686,20,565,22,32998,48,0
24650,27.655837985878467,37601,25,654,34,7526,48,1
7540,23.58587934890486,113332,35,659,38,38049,48,1
33232,18.320675935034856,143254,4,516,40,1251,12,0
17422,26.51669554472213,171586,32,620,60,32588,24,1
4342,22.37295949453769,139004,0,511,27,6889,12,0
42846,5.2637780612547465,167364,5,502,34,46152,48,0
36612,14.852253819362577,182582,36,452,18,45454,48,1
11396,26.27379748517,48000,1,728,54,28766,60,0
18482,13.646471449381732,150439,4,586,65,29146,48,0
24411,5.880379338138088,139277,25,620,24,34546,24,0
47766,23.654490963806808,50383,12,735,29,8052,48,1
14261,25.050956757071713,162857,11,795,57,32548,48,0
4093,9.014842376082715,60910,4,448,67,37638,12,1
12722,18.43351242107953,190100,1,841,18,1147,24,1
23042,9.798885974893144,175927,3,781,37,2847,36,0
45413,22.98086047610367,44281,26,625,61,20234,60,0
48851,11.78876137943714,133838,9,328,48,19454,36,1
29087,12.905378064083251,24841,12,558,21,33388,12,1
33347,26.124271341002533,117204,1,374,43,33731,48,0
34756,16.908058805172608,80155,25,797,29,39983,60,1
40214,21.743861280456194,177990,14,715,39,43820,24,1
17335,15.05932626806169,76313,9,639,18,26076,60,0
29602,12.450171429843884,131688,21,607,18,30752,12,0
49901,20.636951510616534,168515,39,540,20,16003,48,0
35450,8.871439351970531,183322,24,552,29,7418,12,0
33196,14.324995889171575,152994,14,519,38,17710,24,0
6626,10.225925934648057,51976,12,696,30,121,36,0
8424,22.394874173518637,163063,7,635,30,37081,48,1
13857,28.60522095865269,124405,20,328,58,27773,48,0
45923,29.88777420039666,73744,20,793,35,17566,12,1
20982,16.256920261039767,173805,21,801,50,46750,12,0
12425,11.31325974091111,22473,32,453,23,33562,12,1
2980,16.070734259608102,159180,26,530,42,42584,48,0
49290,26.181735249068094,48715,39,401,40,20655,12,1
27431,10.150141963800998,183282,21,476,41,8483,60,1
20440,28.802391291323094,57317,29,531,54,32688,60,1
42752,13.546644219953775,85516,8,311,43,40094,60,1
18175,29.645091486257623,184434,34,485,21,41450,48,0
49651,25.965222188349056,74604,17,565,55,25209,12,1
27385,25.214263353684757,24889,4,434,52,46316,24,1
39158,12.947616844332089,93748,26,330,66,18556,12,1
24019,5.219430298698237,51971,5,755,28,27962,48,0
19639,14.553322720649696,70551,31,558,53,15638,60,0
20994,12.545234241567343,154273,7,403,42,38754,48,1
35375,5.934924760219932,128957,38,730,37,36675,12,0
22563,17.63413141264824,109882,20,681,18,21083,48,0
40341,15.075782782068416,57958,17,768,47,7081,24,1
6776,20.86391169353812,25681,13,812,21,13353,48,1
37444,20.529658054852078,121982,14,506,40,19852,36,1
4380,8.018665897417003,66870,25,746,52,5760,48,0
9711,29.424138653165564,148396,31,388,59,13771,12,0
9782,9.673285736036174,87203,38,494,39,490,36,0
18434,16.131850619117614,179224,27,713,48,4263,60,0
47765,17.202938585843373,70061,38,421,18,7769,12,0
21017,25.326569930353003,78235,31,761,21,25334,24,1
31707,7.480739902366169,57890,12,415,36,17581,48,1
40110,15.716106980213294,110073,14,495,47,32749,48,1
18343,20.712554255905097,81401,17,335,18,11635,12,0
39827,10.37889054060139,31217,38,366,65,1904,48,0
42652,20.68669746915182,68351,5,580,36,5269,48,0
6655,28.09162093874132,53741,10,778,69,30968,60,1
45859,29.937953279316876,171726,31,310,38,1650,48,0
16251,5.811276919766893,21408,39,621,39,12467,48,1
1526,10.889705706116938,62903,19,539,67,35959,60,0
4224,12.757677894792437,127042,32,359,19,32795,48,0
48837,14.978152511124152,152290,39,464,23,46900,60,0
12536,11.056428939619185,142189,7,488,38,22644,24,1
29541,10.087199863882812,129268,34,786,50,35518,48,1
14547,28.8638460604375,50105,4,391,36,27280,12,1
35531,27.963040069262945,89634,34,588,44,2879,36,0
9712,6.174812525077937,137426,13,808,54,4357,24,0
39565,13.470325540121204,158691,20,374,46,28301,48,1
10208,15.128713841960165,163011,23,727,45,10865,12,1
6109,10.975363366648583,38226,16,684,51,49023,36,1
36201,20.721822424704385,45322,17,352,18,2832,60,0
17967,21.009518666106025,137504,33,474,65,35877,48,0
30759,26.262605708214927,78215,11,773,42,28868,60,0
21172,23.521731709630444,167950,15,660,38,42420,24,1
37935,18.564333174148892,157632,3,569,51,31403,36,0
27589,21.339669251110497,189350,24,706,43,5758,36,1
31015,11.849719538575453,187284,33,423,53,2921,60,0
30009,19.826404749183943,114835,27,675,52,34201,60,1
18773,17.23068136874798,93079,10,691,40,4428,24,0
42125,8.333611682909261,43946,12,481,34,40466,12,0
27143,11.063606914574269,182812,30,335,64,8111,48,1
7154,12.292336268039652,130733,24,511,59,23247,12,1
22804,28.10773917631395,27253,38,433,29,48287,36,1
42688,10.759665984647235,99311,9,790,61,30447,48,1
21581,12.231097570491704,52813,23,737,37,48503,24,0
31087,14.233853252235807,178704,0,345,56,12366,12,1
33981,21.593568465634675,68365,24,700,44,46923,12,1
4762,7.955959811803513,87593,27,787,59,30564,48,0
47167,28.8486303123444,184503,35,731,54,45252,24,0
10768,26.63928050236911,188508,17,727,37,9975,24,1
44408,19.430401825223754,169485,5,816,69,45281,12,0
40499,21.850946685623917,58485,1,761,28,2642,12,0
39559,5.4165117811054,131504,2,480,45,40345,60,1
49590,13.473619383711217,36101,7,444,19,13849,48,0
9783,24.89150576653605,28831,30,564,41,36479,24,1
47389,6.9370743448096475,71897,18,705,33,19344,36,0
30781,12.057845855268006,25004,5,783,29,21214,48,0
31811,19.632420708357785,65924,13,781,33,38226,60,1
49787,11.410325692473545,172581,2,536,53,26155,48,0
36488,28.34944935361298,57170,0,824,19,22522,12,0
9905,8.27646577010726,63555,29,638,42,6680,48,0
10127,24.934858947694465,165734,18,567,46,12507,48,1
23431,17.698717297660206,138115,18,565,45,9419,48,0
7368,23.7582693954989,124216,8,827,27,49007,36,1
28424,12.767883207786186,85930,6,391,62,49353,60,0
47824,17.862240057800967,198475,36,547,40,38753,48,1
46004,26.420883743079408,56365,6,318,49,22559,48,1
19333,16.67195247807761,82188,8,689,48,3160,36,1
24116,13.992996547756741,118633,3,687,36,44233,24,1
48219,18.403884656318404,177745,24,394,32,7872,48,1
44201,22.934068825909172,83471,11,729,50,7839,48,1
16525,16.08908363746257,168228,5,336,34,15652,24,1
24398,28.471924378556825,77287,17,692,69,6859,48,1
33857,12.373645601058552,152717,39,590,53,33520,48,1
11361,16.88659015422801,79076,20,602,37,13304,48,1
17369,23.923191483536037,136475,14,700,26,49266,60,0
4041,22.228027262393955,70151,2,643,55,47825,12,1
1105,26.591026310428905,87384,1,817,20,3980,60,0
10078,29.92022951702772,119865,39,676,19,39093,24,1
26003,15.67145821987724,53541,3,464,35,49620,60,1
7090,7.778771994582796,92847,31,312,40,425,60,0
39850,5.7603970201992,70955,1,324,36,8141,36,0
2925,23.171922653494292,160362,28,422,24,10057,24,0
19440,26.85034178271789,181215,1,428,52,49985,24,1
40685,10.517814648610468,175581,33,846,67,31803,24,0
27015,8.96120092974765,107780,26,608,37,47084,60,0
34320,6.555127288142275,187813,38,735,37,47588,24,1
26291,25.56757304293016,177970,37,481,36,4106,36,1
37679,12.784548497314608,119919,17,342,58,20087,48,0
27289,15.042422318994412,132854,35,703,33,1408,60,0
4389,17.568754790240305,81768,18,562,55,19865,48,0
26683,25.98633085523877,63262,26,369,38,38589,48,0
14629,21.270830539037124,156578,19,591,46,43130,60,1
25826,20.37661574644528,40605,20,513,61,39612,60,1
36198,9.391802498897768,98590,22,446,55,39163,24,0
27630,17.829747292745743,48231,29,324,62,41563,36,1
34226,22.88452542946638,99397,24,622,41,15843,60,0
47163,29.331522075762294,97123,30,408,54,49364,48,1
33975,10.035157730333806,33515,26,550,46,28477,60,1
1899,5.238583826680666,107211,33,781,48,32457,36,0
12653,6.882535839961744,189694,7,474,62,48109,12,1
28961,14.39631162954948,36600,18,646,69,27330,48,1
17405,25.51361619364968,178964,25,469,56,29211,12,0
9601,5.178552044206127,89310,27,301,29,37569,12,1
34662,16.418264822146007,172873,3,661,47,32667,36,1
34282,13.230765383534862,188767,30,595,21,48114,60,1
22288,6.3120427524931895,179925,15,501,47,1758,12,0
30545,16.255907166815433,155501,9,588,22,38548,24,1
37877,11.368717683417971,155678,37,361,33,29169,60,1
47026,13.79712085867516,155550,9,801,44,11260,48,1
16313,22.640382619607326,134380,8,425,21,32350,60,1
16349,18.03877459777418,191206,38,348,25,41741,36,1
8179,8.116185724820333,131780,35,478,65,32678,36,0
11326,29.035363510590976,176547,35,792,25,45181,48,0
45555,20.89776914274346,86177,18,732,34,17910,48,1
2560,24.14671064156329,172802,18,601,63,840,48,1
14612,6.980328750209271,172185,11,468,61,17725,36,1
18650,6.176459486500472,171083,12,568,20,12299,60,0
27745,5.486201259202029,75746,24,663,44,29989,12,0
32890,9.719850694336111,143075,35,399,69,24505,12,1
21022,15.360209942962378,193925,24,514,51,5559,24,0
5780,28.39565333507057,105195,27,396,62,38694,36,1
19311,16.42649148164441,56818,38,847,38,32597,48,0
29380,12.256377634313235,188393,29,636,60,8707,60,0
45662,19.048381337991586,41309,4,658,41,48943,36,1
3356,7.7983644533697305,169760,16,589,61,44422,24,0
5790,20.23764727512458,48176,17,695,67,46759,12,0
27911,19.210798858262585,88879,20,659,58,44039,60,1
25363,24.79982583514274,87592,21,646,46,40443,12,1
21049,29.6671902904256,104728,38,423,56,42107,60,0
11181,11.271836792902763,160488,5,837,23,28019,48,0
40825,17.741411270094016,191066,15,721,31,22841,60,0
17082,27.72163515797509,28584,1,635,67,19640,48,1
1661,24.62974711057103,144555,0,802,31,35362,36,1
38412,17.18515757752019,113302,29,356,54,36424,12,1
49479,28.634291240369446,142408,36,375,69,32626,60,1
3920,6.430917337920235,38830,22,765,41,9740,60,0
26658,28.2749654928146,97066,0,584,30,3155,24,1
49770,6.262684809570164,23591,18,685,18,23572,12,1
15025,18.68261860286711,113878,2,558,29,978,36,1
9946,27.261023700027145,145407,1,776,68,10497,48,0
29706,11.56802358903257,136869,36,310,59,44843,36,1
46500,16.806212473628964,41395,16,559,41,19431,24,1
40004,13.108221978424165,36738,27,692,54,35357,36,0
17309,28.803597926908786,153703,17,668,37,23167,48,0
47286,25.59113986882727,168977,32,483,23,5942,12,0
34120,22.72503778315949,39056,14,315,29,18983,24,0
31027,19.690674665377717,141656,21,805,38,35276,60,0
8005,25.514794733103702,135316,26,385,20,45279,60,0
47804,14.806676038088677,186519,36,309,44,17577,12,1
1956,16.18879637765155,74418,31,776,63,5915,36,0
35839,23.250043027021537,57190,18,463,53,26333,60,0
9595,13.943869082342855,46014,27,323,34,2045,24,1
48908,6.5975235512093455,145563,27,611,66,24180,48,0
13803,6.858365222151787,21780,9,537,63,41207,36,0
26963,7.8840700326425965,62192,19,761,32,42344,48,1
37221,26.74203308359157,124875,24,761,56,9564,36,0
40443,16.805660643905107,119129,20,537,21,11105,24,0
34723,22.82205923361841,63923,13,321,34,48533,48,1
40063,14.822733390122332,109196,21,479,55,20056,24,0
49689,11.467773685390863,22395,25,798,28,47561,48,1
16282,13.679804189055298,122449,10,774,29,47689,36,0
5703,24.85455863292959,141747,6,638,64,32135,24,0
7563,20.630403125785953,166851,16,830,49,39949,36,1
26849,28.44099449894755,91028,17,461,44,32812,36,0
32860,21.992619464420848,180794,6,360,61,4511,48,1
32585,19.25454079386735,158183,19,384,60,22772,48,0
23015,20.254900224645862,161056,37,846,44,15421,24,1
13003,28.559285986710364,113176,10,789,66,27116,60,0
44585,24.70502324666765,46924,15,304,57,7775,12,1
27958,5.601030934160946,52577,26,375,61,26946,48,1
27017,18.35349240339243,158783,10,552,46,10707,36,0
12171,22.20846028866412,105548,15,306,26,13372,12,1
46350,23.717461960978877,145093,22,772,60,40716,24,0
13201,10.328552982848418,155168,11,437,20,29814,12,0
30426,26.679433861283805,86555,39,657,56,22607,12,0
18778,28.896078679379094,109848,2,462,46,27957,60,0
46241,10.917882646121743,28254,1,617,38,30278,60,1
43229,27.065386437931146,145410,37,757,52,43847,12,0
22116,7.424469062902385,157037,23,552,65,8216,60,0
49364,6.39267090288113,123025,28,500,27,10006,60,1
34297,8.230595002568734,150509,33,831,40,33993,12,0
20342,6.4435269866759,52963,19,464,56,34016,48,1
28490,26.1253059288944,23273,17,531,42,25354,60,1
20975,6.476253611456799,35330,13,627,41,48637,12,0
27723,11.791604784091387,172566,17,537,37,19226,48,1
24279,7.59390858839641,96422,1,419,32,38466,60,0
13765,12.385550907844124,142089,0,549,38,17966,12,0
47678,7.263986690023012,23212,19,635,59,4848,60,0
12561,21.70008126857535,107594,33,583,29,42673,48,1
42899,8.333170408564378,152152,10,497,35,11783,12,1
1525,26.296148145972197,52675,26,715,40,46156,48,1
23861,25.429776268166027,42007,22,694,58,35906,36,0
34142,5.341542136765235,133805,37,450,46,10924,24,1
27916,27.393158887877863,102641,2,564,58,4642,36,1
45965,5.723607918584176,115815,11,519,53,5196,60,0
5648,10.991144623938915,66815,29,515,22,11155,48,1
36133,5.809728444399877,103482,30,614,56,12055,12,0
31523,13.396087175982899,20639,22,515,43,20152,48,1
30052,17.84666314283179,83593,0,634,56,38966,60,1
35414,24.916121725378453,98038,19,658,28,8072,12,0
33781,13.449538761745904,113899,5,460,59,15965,36,0
5599,22.637250616827917,23736,10,810,28,42456,48,1
36046,9.68761142797451,36473,34,456,35,44687,24,1
48064,23.76496141860316,148771,3,461,29,31990,60,1
36923,10.899915147730939,145801,28,341,33,21942,60,1
42089,8.588618898594198,185091,9,479,44,42695,48,0
4814,9.635221259351358,127598,28,602,53,46827,36,0
46893,9.551578222046384,106623,37,629,34,47417,36,0
36984,17.82157198442478,56820,0,728,66,26843,24,1
27616,26.11993952970365,77589,39,649,38,5490,24,1
3113,6.990126924812641,38414,7,419,54,21719,48,0
44006,22.673907962335566,147378,37,374,48,49200,12,0
14760,21.358661491321442,44220,16,422,62,38684,36,0
22927,26.81299879573406,80531,18,481,52,18894,12,1
21939,11.103689012672682,130002,32,556,44,30837,12,0
33419,16.25274646712574,193497,14,568,40,44294,48,0
13588,28.145684361087934,29387,30,792,49,1746,24,0
37142,21.49983625338293,96815,20,479,34,25071,12,1
40198,14.719210321539922,47584,2,448,28,8170,48,1
45738,8.285309571381712,64783,1,817,18,33401,24,0
34397,11.562125197514776,190881,34,447,45,12889,12,1
17653,19.53038693723458,144494,15,308,35,19104,12,1
11831,22.95419868901284,135814,20,477,66,49327,24,1
6724,8.110547171297338,150752,11,694,58,15140,24,0
12083,19.98993150110135,161929,27,630,37,27736,60,1
46917,18.758781970968776,193333,11,355,24,8152,60,1
20816,17.8488861672677,93588,32,506,54,48486,48,1
43240,22.253077942050197,168067,19,404,33,19741,48,1
7276,25.936239877086546,33580,39,846,56,37160,36,0
49403,13.074742079421709,38240,20,654,62,38147,60,1
39663,27.225304752773987,103446,38,788,62,22354,24,0
14994,9.015840315463766,124533,35,802,64,8666,60,0
24499,9.325596743779109,197183,21,349,40,28403,48,1
24040,11.669301590598097,185938,25,386,49,42606,48,0
44320,7.9882717386769455,100974,6,602,66,34726,48,0
17959,10.75798061707194,93401,6,300,34,39447,24,0
7099,7.660294072571115,163283,7,680,36,48689,12,0
43267,25.54381042463476,184340,25,661,59,46116,48,0
20576,8.474224797165615,23646,23,680,51,40116,60,0
36946,23.68243893899642,62816,23,461,31,5884,12,1
7116,6.197846697833343,109460,39,318,20,12312,60,1
16563,28.71300818784788,64112,11,542,56,41596,48,0
27788,22.779002188194156,71048,7,428,42,19998,24,0
27928,5.169913714652795,152850,8,475,28,3820,12,0
37336,24.09641250500535,65752,2,708,66,4322,12,0
10847,17.852048019154633,90726,20,383,32,38235,48,1
27155,24.484129258377994,178361,30,675,36,45093,48,1
15135,18.062420222264713,64788,23,521,60,38270,48,1
18774,21.025621440883867,24747,3,624,32,39217,36,0
2742,24.658291384876012,20045,19,750,32,24923,24,0
19309,15.127701364696417,27758,15,715,55,22942,24,1
1619,5.067703745511302,145076,9,744,32,33750,48,0
18658,26.248662398629712,174509,25,624,26,32333,36,1
35707,14.522259065616565,170657,28,822,22,41691,48,1
21337,17.401068150414577,160926,4,465,36,47757,48,1
17001,5.194166053849218,76950,10,537,41,22912,24,0
1968,17.30230025875245,168421,28,312,46,21983,36,0
48614,29.662185039293238,172420,14,556,22,46197,24,1
26892,11.956691520469242,185368,5,813,39,22074,48,0
26619,14.885456756059451,39455,14,509,30,47164,60,1
1281,22.179749911716915,190365,19,783,67,43560,12,1
28420,25.369841688091466,108552,33,664,69,5905,48,1
16360,15.434790600152507,66116,1,524,66,25028,36,0
40030,12.741721760032313,140461,15,493,64,4073,60,0
2058,28.445644999626676,60484,18,495,63,2234,36,1
21677,21.92862416679173,181287,33,699,46,15273,48,0
11724,7.975532612328527,101638,13,356,33,7631,48,1
29404,6.723196953366216,154476,23,512,53,12061,12,1
38946,17.088746269759227,188332,27,578,34,49253,36,0
40748,10.502251651181812,120647,31,679,37,23818,60,1
30856,11.349618834406337,85642,36,416,31,44667,12,0
10200,26.942304470696207,66009,9,750,67,23704,36,0
34997,7.239150607907767,148824,8,709,23,29362,48,1
26611,22.884102880722242,49605,23,666,39,46506,12,0
42235,11.7785563345147,130879,35,412,57,10850,48,0
36057,24.008205535103443,188641,28,463,26,30638,24,1
2239,23.060284611588614,140827,28,303,49,16919,24,1
39138,5.184797536107325,25580,22,322,41,23884,12,1
49938,17.72838532303998,134902,26,391,50,31480,12,0
1125,8.482987059451158,25400,30,768,30,30697,36,0
46272,26.65567576446692,190715,6,454,52,18084,60,1
24857,26.789647071560164,116032,3,506,23,39807,60,1
16398,15.45864518734395,147319,13,380,66,30301,24,0
7638,16.10989046127701,126960,9,782,57,7114,24,0
7570,12.582073485113177,59015,33,706,47,30550,24,1
4249,22.915157474000775,91713,25,402,55,45179,48,0
10110,13.966534075661478,166046,22,539,33,7469,60,0
41363,11.694811863065844,165109,8,564,18,47771,12,0
14605,15.805776487612706,167239,36,332,59,6492,24,1
13115,7.287187959686468,108754,7,334,35,37112,36,1
40062,23.665080116105095,63148,13,548,39,1971,12,1
23911,5.314910031794674,172606,6,349,43,46350,12,1
39525,21.11212653801485,142790,6,579,31,9644,12,1
33556,9.57161316887181,106078,8,451,54,26169,60,0
13595,10.810101155360329,76879,2,836,66,17096,24,0
2969,20.890799966000998,139894,13,529,31,36423,36,0
44753,29.82358664457268,85839,16,587,43,48110,48,1
18275,24.44293722681377,49756,21,694,67,12534,36,1
5470,10.6459908055848,163755,25,752,53,12768,36,0
11225,9.400618876028345,162097,27,332,69,22625,36,1
43324,26.655821756691758,169787,13,662,40,39240,48,1
42974,16.104598698037606,112943,8,410,19,28660,36,1
43759,8.426320070703888,168188,25,420,56,24144,36,1
24196,26.55528558304845,56744,1,315,24,9640,24,1
41287,25.402308822856536,144697,10,822,56,20032,24,1
14669,29.59765909742909,136072,16,397,62,37892,24,1
38380,27.7435921678171,153196,33,415,68,26589,12,1
46141,26.294758466513542,189123,18,770,39,8650,36,0
49320,6.314359945275079,27176,38,738,45,2843,60,1
48414,7.6103842374529505,111310,17,580,55,24357,60,0
39006,19.224579857603068,169748,12,648,37,16976,60,0
16577,18.286981157045524,65177,4,531,66,497,48,1
23473,16.449080362238387,130623,22,410,35,2134,24,0
29625,14.919733135364606,20997,23,651,41,18833,24,1
16504,15.780262121608223,194841,28,311,50,5412,24,0
25089,19.232448353369882,140179,7,787,62,32666,48,1
37487,5.05191294000203,140403,25,832,43,4292,36,0
1302,11.517719353321304,162303,14,584,36,27387,12,0
32463,17.956993017217776,115287,0,844,65,31826,24,0
45912,23.055402466841155,139574,27,691,59,26,36,1
30259,9.353917309884908,141509,13,469,30,12108,60,1
43823,18.672029344685825,105447,33,376,27,14470,12,1
38208,22.861492097144545,129522,30,596,31,29785,60,1
31659,16.115691447847617,101144,5,629,26,2253,36,0
36840,5.677028341751276,112693,4,362,28,20026,36,1
32890,16.231703961640918,114315,30,569,20,44258,60,1
14598,12.411122193603827,47387,36,515,57,29274,12,0
48055,28.24124019253321,24090,14,489,29,46147,60,1
47733,8.115334641958185,140846,14,374,52,45417,60,1
20508,21.311898887680805,176017,4,809,56,42243,60,0
43287,6.317994158362529,60239,27,392,63,47761,12,1
14380,16.15426094531741,23743,32,352,56,1086,48,0
27984,18.849487180502017,50924,10,795,49,24406,12,1
45633,12.448873282921635,161268,5,393,56,34783,60,1
9125,16.376890888009612,150160,22,528,31,21451,24,1
37059,9.088844863254685,111815,39,549,61,9907,24,0
5033,12.603096236700903,125312,1,690,18,7123,36,0
38873,20.527658122755078,88860,14,481,44,46702,48,0
18087,12.545001396528878,192472,22,566,54,26302,36,0
41901,27.49357696022179,100399,21,580,60,7084,36,1
6704,20.710173941024742,68795,8,382,18,19847,24,1
8848,15.966225460899611,71553,39,485,62,22805,12,1
22592,5.968923388854562,123976,29,830,46,14248,36,1
46743,17.488708380116783,175183,15,647,41,4467,36,1
7924,24.11940605312723,133566,29,722,34,25384,48,0
28208,11.638939950310341,139968,8,753,52,2896,24,1
20614,25.169339241219184,81600,0,566,48,10362,12,1
1488,11.295169151272038,70022,37,806,59,19512,48,0
40882,25.59365969877001,154271,7,441,49,20639,12,0
26923,7.131708540291935,70897,17,615,36,42110,12,1
49508,26.654592721725738,58038,26,531,48,17718,36,1
36941,17.479661273333264,143323,17,596,56,25093,48,0
30165,12.41343974050655,140278,31,321,37,23462,36,1
2667,11.62783126037872,131054,31,683,45,17672,60,0
27213,15.800263973259067,27897,35,425,20,8937,12,0
5114,29.976237452591125,84541,35,402,49,47391,48,1
37321,10.508184835939563,126968,20,409,39,45475,24,1
8761,7.580416221974991,34892,31,771,61,28543,36,0
32116,19.62587921796655,159343,30,364,59,22031,60,0
34768,17.21356166100643,44815,36,771,61,38696,60,1
49406,18.104906776582684,65612,15,375,32,17081,60,1
26426,21.673385438930428,184429,13,318,55,11226,36,0
18772,11.678601746766233,36267,23,683,36,16858,24,0
39218,27.76662488459721,38268,24,489,48,44936,48,1
4712,15.891801653057259,134463,34,659,43,30332,12,1
2367,8.227154878561544,165335,16,751,22,46957,24,0
41957,23.557468918348608,115347,3,378,37,39300,36,1
42781,21.077608815446258,114542,10,471,19,41470,48,1
27200,12.893585062100927,192343,14,511,38,25113,12,1
4726,20.537968100851213,86612,29,744,68,43220,48,1
24616,10.496548909224423,158307,23,448,68,22016,12,1
28723,16.120983983513238,108757,1,309,53,5384,12,1
38574,27.48531305418313,167489,33,841,45,17750,60,1
35958,8.338355829018735,118075,22,354,37,17445,36,1
10108,14.66741124968655,54609,30,479,54,28904,24,0
13178,25.528560618008683,122785,36,680,56,35075,60,0
36643,29.237272485154453,184974,12,721,53,16691,60,1
32324,16.348153410544896,43645,32,750,28,29074,48,0
39360,17.674990503583686,82233,6,392,20,9188,12,0
18824,19.304299044594245,131443,31,819,54,25860,12,1
46360,28.30870354084277,174473,6,712,37,30171,48,1
9927,26.455169774425745,27771,37,693,49,29421,36,1
29144,9.265028115541108,192407,12,630,64,42089,12,0
32010,15.918945446176876,122601,23,732,42,31990,60,1
23443,16.60001070491066,153014,27,462,38,303,60,1
15437,24.727402791218918,171460,31,339,67,6486,12,0
45298,20.072322065135882,145224,17,384,33,5566,12,1
40778,21.355511550725325,103251,33,390,65,21541,36,1
12207,29.95499769164044,77042,33,783,59,3891,12,0
26537,6.874001086750327,73740,37,684,18,9046,36,1
36757,10.575245588343325,67024,0,492,40,29741,60,1
13040,15.19739843428867,174522,30,552,60,5724,36,0
42986,13.69456007622218,76965,0,543,66,48347,12,1
23612,5.54113903367459,30057,15,569,41,22664,24,0
29441,7.294440161779396,28983,38,318,64,5350,12,0
7471,22.023832285089405,150469,14,339,42,41777,24,1
36631,26.983111584064016,39995,32,815,24,14025,60,1
44461,17.85567528164944,134587,22,332,55,28225,48,1
27523,18.479776987840825,58886,33,749,64,9164,60,1
32348,11.377335820809485,109025,16,838,64,36901,60,0
2177,24.196909090842784,115149,24,618,56,9370,60,1
5760,23.79486468418141,114020,5,423,52,48630,36,0
33779,19.709142230441415,22673,30,671,31,32872,60,1
22636,10.316607162783571,185962,4,650,26,24830,48,0
17353,7.425455455927237,97513,39,622,20,23955,12,0
12556,6.605964396428147,43466,39,787,55,47037,24,0
28598,19.817401666071945,112545,29,750,37,22985,60,1
12563,25.62588297857,70406,4,652,58,23055,24,1
47819,26.45826079452312,154760,11,415,50,25166,60,1
44790,16.590551858586245,89284,6,312,58,41329,36,1
9234,24.606782482667924,134579,12,619,61,12389,24,0
26519,28.67200490852559,33665,3,464,49,19347,60,0
27966,11.879252812201699,40641,2,384,53,41623,60,1
17173,14.94900865951893,183572,11,547,43,16360,48,0
27987,28.286974814917016,55797,0,731,65,49841,48,1
14178,13.455774182932121,65950,26,778,22,14214,48,0
40338,27.846907258044908,176118,12,667,66,27222,36,1
25596,29.526121556361645,149554,16,656,47,6743,24,1
34174,21.54526821436062,122339,7,707,34,35356,36,1
42974,25.422257237604207,133431,31,644,23,34303,12,1
5431,23.73863910552713,160710,19,478,32,14698,60,1
28764,22.488356440388095,41173,16,724,18,34796,60,1
22627,12.673276824530813,164294,33,840,30,29602,60,1
40310,6.427358447698593,188082,34,742,65,14947,48,0
9906,13.576293312991265,38095,34,605,51,35537,60,0
37914,21.673399630097666,143554,37,666,47,22469,48,0
45814,7.563229955695034,152511,23,335,36,6486,12,1
46379,5.2979495744560525,145614,17,762,19,7241,36,0
14076,8.492309315073467,156447,38,445,61,30854,36,0
38650,22.893398160269882,109023,32,445,29,19371,36,0
47881,29.3198425414111,127181,22,679,57,40903,48,1
47413,29.576617490370513,40600,24,467,61,32524,24,1
7012,17.3494787285047,22466,36,574,41,46941,24,1
8151,26.733807524808686,196169,26,386,28,22474,12,1
29211,23.4206613937876,129934,0,453,19,12667,24,0
28117,17.526005924615085,73276,20,796,18,13801,12,0
37378,19.31901332387717,198043,9,614,45,42108,60,0
43652,8.430678665421777,26928,30,573,21,47141,36,1
7894,28.4415365154148,75309,24,561,58,49932,48,1
14467,13.79824426829442,191960,19,786,47,4405,12,0
32010,16.153731411429238,194904,1,753,24,2153,48,1
43641,21.791505774947467,136196,14,742,39,25131,48,1
13289,13.347561788163848,29404,27,561,43,19680,36,1
45976,11.356479024723264,184711,12,842,46,19697,60,1
44596,20.776234831755517,133187,13,404,42,39064,60,0
24171,5.6246020570462365,130449,1,649,27,35351,24,1
35905,23.01812780066697,47684,33,737,37,28283,60,0
21829,17.850584246912746,88591,34,468,31,28444,36,0
35054,20.14384326302336,139821,36,642,50,35811,48,0
49478,20.79700398117213,22682,24,529,22,22363,12,1
45139,18.176253912314092,131186,14,322,62,44804,12,1
49713,19.563344436018397,189118,11,580,23,19646,60,1
30734,22.094705022246863,41832,8,818,39,39804,24,0
8052,23.827971179491854,36997,30,552,34,16036,12,1
4654,23.186309782153014,54640,13,703,32,6726,24,1
24486,26.74041144330654,60491,28,432,56,36790,12,1
19743,9.736085829185068,83043,37,573,57,41160,24,1
49368,15.028699237294939,132175,7,531,45,18274,24,1
25489,28.694901650361427,148568,2,844,19,24587,48,1
9636,14.914764359658243,134250,1,378,35,21555,36,1
7441,8.121751922648066,92725,15,334,44,10168,12,0
25611,18.136128159054486,148131,18,794,38,15103,60,1
43435,7.737274313861554,65520,29,409,40,25901,36,1
13149,10.07133096819663,82919,15,620,24,30567,48,1
35566,29.957968914273916,129869,30,627,69,45030,48,0
43368,18.5340659599033,84442,27,683,65,13207,48,1
22675,12.101459726010726,172842,3,663,36,39432,60,0
6495,29.86937386434765,125246,9,531,26,23691,12,1
43668,29.16397296387858,198570,17,713,29,3556,12,1
14673,16.018476027106587,129687,31,593,63,40072,24,1
12130,11.51007771969771,143447,29,846,47,33133,24,1
23668,25.95999095230475,81477,35,473,24,15893,24,0
16222,22.890517924294645,20244,8,691,19,15866,60,1
24669,22.173535875087758,183860,35,401,34,656,36,1
35068,27.327843533061813,99453,28,592,28,41120,12,1
24253,22.235428346783117,197561,15,384,67,15096,24,1
10435,12.094948576038728,147962,27,500,29,15447,60,0
29552,22.346579046893307,91303,20,840,20,19854,60,0
38384,12.645337782091598,48390,1,596,38,21983,24,1
17393,23.980974491424877,30247,34,355,31,49696,48,1
11617,20.49369636228915,185750,27,771,32,31196,48,1
39520,6.935288799618764,49583,35,315,68,12046,48,0
10852,17.82088406087855,159148,30,365,59,39194,24,0
32401,13.582524229893524,169078,32,771,58,34529,60,1
7295,13.214265818307357,166123,22,322,27,956,60,0
36993,20.05640755943143,155386,16,785,69,24560,12,0
35084,13.058120611735623,48670,0,714,53,24175,48,1
46105,24.42234370512182,144920,22,604,68,41041,24,1
40575,6.769785900279361,30236,26,476,27,21295,12,1
37451,21.509706309895638,55568,24,494,34,14855,60,1
8227,25.22987009141853,127327,31,312,61,49598,12,0
32910,21.82079224801075,130188,18,465,42,18003,48,1
37041,17.430729875499893,36352,23,449,44,13036,36,0
24384,28.75767534340453,145721,2,640,50,42133,48,1
1145,12.49846224495159,196722,11,473,28,38773,48,1
38778,5.479197188124444,161418,34,466,30,13844,24,0
17035,15.799734286586022,176228,14,396,18,645,36,1
4040,5.825298397508181,75904,16,703,48,33146,36,0
43422,28.84841881316022,165107,31,376,50,39877,36,1
27160,10.247951143701288,142141,6,536,38,44693,60,1
18633,24.723175598721987,36108,18,590,33,17524,12,1
30344,24.36430207935912,22853,6,435,56,20119,60,0
18014,10.443222492073339,104156,4,666,40,47679,36,1
15996,20.530663262004182,24176,39,847,27,26589,24,1
42621,6.2019742121612556,120459,20,547,65,17045,48,0
12695,17.089364642596685,176992,6,513,50,13163,48,0
3852,5.3661781818121685,157901,36,369,39,24587,60,1
17014,28.028597004521046,143225,22,628,58,21593,60,0
28042,29.40215060498929,138458,10,315,23,33155,24,1
34755,10.55706916596463,130893,9,786,64,30802,48,1
41390,10.20265086490932,93927,20,473,53,28409,60,0
24711,23.84300441405324,138178,32,573,64,10111,12,0
27122,11.334484970733362,60667,19,823,27,45451,60,0
10160,27.376913979046126,186915,32,518,33,21119,60,1
28213,19.348228403074557,181615,39,812,30,24675,36,1
40420,13.769440575257804,26611,34,698,68,47078,12,1
8421,25.817343658735503,108242,33,410,37,47977,12,1
22400,17.33516751033488,104612,35,763,21,35539,24,1
34537,27.79082284271189,66902,26,392,37,36937,36,1
18727,28.200355918234525,53043,18,750,39,23647,12,0
47882,9.135503803210234,156343,4,695,46,26953,36,0
5358,5.058085153298257,92867,28,778,33,42823,36,1
29482,29.598273503560055,97089,9,615,60,4019,48,1
33117,27.653438403186986,78745,39,652,64,20654,12,1
24164,6.386130892596036,162645,12,538,60,38624,48,0
32910,25.825856598526748,172481,28,403,40,47418,60,1
33496,16.445123313980165,105970,4,328,47,28334,60,0
45311,11.47404012562438,44464,11,388,47,48695,48,1
30371,26.968663091923247,193912,12,674,60,45483,60,1
39467,9.916680809757683,199857,21,696,20,16418,48,1
18625,28.682499985501675,138523,39,663,41,26742,24,1
34893,10.140537192483528,40662,14,446,66,13682,36,1
11793,20.342079693218587,38228,12,613,54,48028,24,1
32007,10.57715836322437,80721,0,847,30,44599,12,0
26766,18.641716624215867,158458,37,751,59,12164,24,0
40532,22.099378247878533,26862,0,805,49,7618,24,0
13323,9.755698270503439,60108,10,785,54,3380,60,0
46799,18.022144567516982,111788,39,400,29,23927,48,0
47820,16.726493609752975,100140,21,406,25,15163,12,1
46408,6.775935535083531,178273,34,590,41,19560,60,0
8843,25.457695441882574,88578,5,648,61,14725,12,1
15210,13.392060016071042,69966,27,526,33,41135,36,1
17456,19.36455493879699,30386,30,349,49,4687,48,0
32367,17.86960587332836,97228,7,457,51,46242,60,0
11106,17.831512614261058,166297,4,627,52,45969,24,0
38957,7.680559855212186,167765,16,376,49,29962,36,0
3472,15.58705023123332,92197,37,753,67,1586,24,0
7704,16.309168980164255,63021,8,609,34,8056,12,0
4713,23.34107100911121,138915,9,626,19,46358,36,1
6051,26.000470798017464,169333,19,807,43,5422,60,1
11756,18.62455695250045,178450,13,406,61,20042,24,0
3475,7.169573851624762,137174,13,540,34,952,24,0
37378,10.921236764913656,106755,25,734,55,29532,12,0
5255,9.123350671318278,163009,28,327,66,38133,12,0
15484,8.115376579728117,86330,26,548,19,12521,48,0
35503,14.14748246544519,198438,24,663,25,10906,48,0
9258,10.73483755385955,92322,15,832,63,2978,12,0
41747,10.457577795287808,122318,35,771,23,46518,48,1
36196,6.367329364406691,191232,33,838,26,42769,24,0
46113,5.441751119885847,65313,15,712,18,31275,12,0
41194,7.569206066244545,47032,32,464,22,43766,36,1
9533,9.304936985590826,168430,2,347,56,12343,12,0
33581,15.774593221205079,81710,22,783,26,11951,60,1
6249,17.763006532471117,115326,10,457,31,14691,60,1
20201,8.514797954334139,106157,17,450,44,11520,12,0
10686,15.619583538104656,199893,28,524,26,37676,36,0
47877,13.543721058148183,48365,4,559,53,11326,12,1
33007,9.5855910874489,33189,23,686,46,30521,36,1
1661,5.1710187037090884,27248,28,555,37,34727,24,0
45843,16.675446663043545,24369,28,360,32,37950,24,1
31137,22.141293731629982,159122,25,695,53,805,36,0
48556,10.656933353595175,48605,39,696,20,35868,48,1
43828,8.295170747416984,69616,2,461,40,34343,24,0
49604,27.176068611174045,123719,1,679,63,11922,60,1
11526,11.875619312194944,191955,24,742,26,8791,12,0
4374,10.590315494816618,53055,18,648,47,35383,48,1
26592,26.427423490247897,136680,39,330,36,44331,60,1
29982,25.42767747916903,27450,1,370,55,15040,12,1
1207,16.208661763115842,153997,18,696,20,25187,60,0
36433,17.230971535694362,70272,0,737,67,30860,48,0
24197,10.443717620850549,25310,26,301,65,26525,36,0
34400,6.957541761988937,51817,34,434,20,38394,12,1
4083,19.33579563389153,195600,4,445,51,25136,60,1
30328,7.458623039755328,102641,37,478,19,43506,60,1
47479,16.231863673916244,35457,3,563,44,17010,48,1
43891,28.51242996282527,62311,16,610,40,39652,48,1
21103,28.82085972926461,155052,20,503,59,44222,48,0
40891,10.983307163683964,171958,30,329,49,11974,36,0
11754,20.60283550114136,143573,21,358,64,8866,24,1
35447,16.85190660269644,117427,10,308,52,49200,60,1
16901,26.89212818965265,56181,33,623,57,18286,36,0
34004,11.785771606901331,184334,14,466,35,15015,60,1
8446,5.092560170810422,152019,9,636,44,37140,36,1
38211,9.064030148285378,151094,37,678,28,26670,12,0
49231,13.738070029234951,21128,31,541,56,36610,24,0
30301,12.893028244262215,99522,30,459,36,20695,60,0
27116,24.78407297807215,183394,36,534,42,24805,48,0
42323,22.014016653470946,68929,27,752,24,24190,24,1
19752,12.488907990372432,101696,30,498,48,7997,60,1
33376,16.443595429155334,135245,5,776,19,44452,12,0
17669,7.38897759895838,29808,13,332,55,22752,60,1
33916,27.45366112050252,115148,22,707,22,18069,60,0
14395,28.385620611213355,41725,15,388,31,30508,60,0
21421,29.495088384523452,92534,24,520,35,21517,24,1
27342,26.71382076964594,59950,38,368,53,41592,60,1
5895,9.349022192405638,103576,1,593,21,49035,48,0
12023,6.154912080040721,40557,37,536,41,8524,36,0
11699,19.48991818531685,41825,38,459,30,10071,48,1
10715,27.81512567207776,28998,33,589,38,39077,12,1
20169,9.43378404149357,56080,39,832,50,41466,24,1
17163,5.176072865603547,166874,24,634,37,20596,36,0
6782,25.13740115080611,162239,35,801,22,9781,24,1
23641,6.91989210716835,62407,15,545,41,40239,24,0
19792,15.34265079775076,140283,17,622,52,47560,60,0
36585,21.972183429719625,33338,12,628,47,34759,48,1
31682,10.919939636404504,96289,36,846,45,45924,36,0
48864,7.099064086168168,169967,26,638,68,42694,60,1
19880,24.250530711395715,198982,33,470,62,26839,36,1
39067,20.754377122176038,151029,10,409,24,49264,48,0
43685,29.71226211217012,129367,0,309,59,2263,60,0
19073,13.607700832998983,85898,12,501,52,25002,36,1
37035,6.5440596572549925,154526,29,556,47,38022,60,1
38174,23.358750883382395,137486,4,561,51,25642,24,0
25837,18.04333547133114,106540,17,729,56,35579,12,0
18826,10.330098284728376,156421,13,806,26,12571,36,0
25981,24.543224725118986,145416,12,365,29,17217,48,0
11382,10.093887146248594,59963,31,334,46,48225,36,1
5437,11.516541370823415,158822,6,790,27,7227,12,0
6435,7.313213859167979,114929,7,553,44,41189,36,0
25819,14.98580697577136,173535,6,316,36,14207,36,1
37875,15.473230598435473,94935,15,560,30,46722,36,1
32982,17.86404475870746,33686,30,555,59,12672,48,1
34328,22.724106678094437,83528,26,723,54,41783,12,1
13329,27.652523217010646,119811,32,800,49,35286,12,1
26169,8.443352472195215,42787,28,585,32,20051,48,0
22932,6.358702458716427,165848,7,306,38,28879,36,0
35594,5.463280839858332,135613,32,796,20,28845,36,0
12421,8.590534451720407,124887,18,498,25,10015,12,1
46033,21.448737144540647,81086,20,717,23,42064,36,1
8629,23.186926949912415,122231,20,351,46,17425,24,0
9325,24.662642838203055,83308,24,542,36,21496,36,1
29495,11.092705297608568,35797,22,518,34,707,36,0
32750,12.647370331537998,25302,10,817,27,17767,60,0
30619,17.078366139137486,58059,32,408,50,26467,12,1
41461,6.579577421505663,151980,19,650,30,17686,12,0
9264,20.27853808028115,163949,24,365,44,7118,24,1
13686,29.593375841893945,34239,25,309,59,11213,24,1
47484,14.020157784450063,47313,39,501,29,31485,24,1
25226,23.8211868772846,62103,11,513,19,15501,12,1
7721,17.500847889240198,199480,31,367,27,8868,60,1
21609,8.195296109009568,108771,32,626,38,29333,60,0
8373,19.55593622006466,146228,9,349,40,42523,48,0
39675,12.496856711101625,111665,3,316,18,34028,12,0
49895,5.860080211336456,30534,14,822,50,10545,48,1
29937,20.873243252943595,63060,5,605,69,357,36,0
6656,26.47330873311819,37189,26,691,43,21788,24,1
9984,13.619244172496854,148431,4,423,32,38180,48,0
30984,14.757388680319263,106067,4,803,39,36002,48,0
9286,27.275542074180287,30967,17,524,42,16802,12,1
6901,25.340220334183897,85563,27,617,18,20339,24,1
32552,22.873820588794427,28660,34,772,43,1593,24,0
26709,11.2199265938287,138671,21,840,38,4602,60,1
32055,27.755416374166114,149909,33,657,58,46737,48,0
38685,8.860393938480325,190895,3,782,41,9577,60,1
9429,20.669262985430546,160688,17,728,56,45367,48,1
15716,5.7200295136629675,95976,25,796,33,30329,12,0
49563,21.092995158123646,199810,21,771,49,10943,12,1
12138,11.928608796833995,33107,32,599,33,33012,36,0
36298,16.241924429593,114182,13,383,30,4572,48,1
24429,13.631613801426328,111787,30,676,59,49766,48,1
6772,9.318918906155247,35954,9,612,49,16250,24,0
49244,20.549519752346853,36943,23,619,67,16633,24,1
49519,27.049388878515185,60725,20,503,58,44053,60,0
36732,28.977106057060084,65434,7,654,61,39388,36,0
40905,9.808659078847876,105751,31,593,41,26171,12,1
18347,22.934319351574334,30110,30,803,30,5869,48,0
17920,21.608484165142055,36462,33,444,28,5971,60,0
32822,13.584444739364313,99232,22,838,32,49662,36,0
47659,5.477479983843146,86567,24,316,27,13957,24,0
41108,22.244781182821654,147425,6,338,59,5968,36,1
24563,28.637371513987503,76063,18,429,58,21253,60,1
8967,20.803003047891284,133394,6,414,20,25941,12,1
46183,15.882318104690853,75240,7,749,33,7647,24,0
12871,18.128847352790707,101352,13,344,61,25499,24,1
29763,9.990720191497939,168940,0,515,34,31785,12,1
12916,23.76360409384344,100989,12,714,42,16457,24,0
9734,23.660495750246227,42222,2,564,47,9000,60,1
34613,8.637932509685623,99794,27,739,64,37909,24,0
29179,26.949459562491477,83924,37,680,52,34894,48,1
36262,11.729743486832632,119854,14,600,54,18588,36,0
13677,29.55640152341537,98513,35,470,30,6470,60,1
19268,14.572575350931146,74649,2,705,41,15473,12,1
13330,9.44710146836249,122986,3,654,55,16161,60,0
21733,13.793002783641308,103749,4,460,43,20063,48,1
38947,16.00450821742983,161295,25,325,26,12908,24,0
28286,6.732694325957371,199238,24,382,36,11850,24,1
7610,19.45545953058224,59369,9,472,45,984,60,0
7430,19.940810996722508,106379,7,369,24,7187,24,0
40922,23.473261383736805,89392,11,305,62,27856,24,1
14828,5.729247307268582,32661,2,494,39,20339,48,1
43913,18.530955360845752,166663,26,824,47,43613,12,0
32497,6.322685831766609,91718,22,362,54,38481,36,1
40256,22.528605499166336,27970,39,312,33,14083,60,0
37618,6.393199642524612,67922,32,504,53,48287,12,0
47332,27.793196208540817,50755,13,339,22,43906,36,0
27526,22.552064172112413,140926,22,464,46,25435,12,1
31158,17.68474412712893,39416,30,330,69,2085,60,1
26032,16.037598082029373,33672,12,828,68,30837,48,0
38846,8.26681576033156,148145,11,697,40,39301,48,1
45936,12.274984739116578,198068,34,758,23,16183,48,0
30794,26.723977625522405,94095,17,522,53,35495,12,1
6448,27.61132028906235,20064,20,377,50,33144,60,1
29861,5.018692709263276,88835,0,727,66,39760,24,0
29141,19.853409786938784,156711,37,724,58,46953,24,1
10074,22.98251522562784,162127,8,686,33,22084,48,0
7406,20.468674561440157,107594,22,538,51,37458,12,0
32823,7.041994121658849,180499,13,389,60,1065,24,0
24291,10.443122469972556,136916,10,684,43,3682,12,1
42568,11.258506684534652,140308,6,438,54,47561,60,0
33003,25.793115782627243,102516,30,823,30,32488,48,1
47851,16.579985907723014,84666,23,543,69,31460,36,0
35406,17.17070529853092,138294,25,804,34,8820,48,0
24312,28.372326163862713,30866,29,721,49,18757,36,0
44108,20.92714722136789,23889,33,481,49,46588,24,1
2382,27.466692538816595,138194,37,494,45,23146,36,0
35171,16.412721383538326,144714,4,352,46,8058,12,1
42779,8.735906462957356,199298,4,478,42,22852,36,1
4292,28.248389851852142,51335,18,592,64,14118,24,0
42779,16.46762789168846,70547,37,674,39,36742,24,0
34187,9.540785546970547,177234,27,358,44,6659,48,1
13411,12.559893507598055,175759,25,353,61,4841,24,1
38285,6.270064742223556,118756,22,544,55,18335,12,0
16422,16.70751478640963,30995,29,448,37,47351,36,1
43468,26.328204297755914,22631,2,667,62,20305,60,1
33371,28.339511400167233,186026,27,315,67,3424,24,0
6693,28.315055187591092,157039,32,475,41,47501,36,1
34535,8.130750640718668,108294,2,839,64,14538,48,0
15818,14.551347062776424,107278,4,705,64,42285,60,0
32238,5.705718991267659,84471,18,766,25,45276,48,0
31874,26.37913362428682,57116,0,428,68,3769,12,1
27715,13.968894050531844,112116,37,522,31,31586,48,1
28605,20.777925697305868,185299,8,543,56,26447,36,1
35317,22.872460951932215,153014,4,725,31,20015,60,1
32174,15.746116743578884,67664,33,653,22,35078,48,0
10956,12.661058413756075,179141,36,625,64,2343,48,0
39908,29.05532275289862,107342,32,302,38,3386,12,1
11837,29.112205625596356,34407,24,778,32,35107,36,0
4716,12.235909200750548,133926,28,380,53,683,48,1
5481,16.990627418611453,79201,24,343,50,25451,36,1
25282,29.32110396650056,100093,8,454,34,1054,24,0
7548,5.121710191387581,37878,2,835,37,23595,12,0
38605,15.31695620947873,103100,14,398,18,20398,12,1
8758,7.511438742024211,98629,3,696,33,23685,12,0
44668,17.728949139065065,63168,37,470,62,348,36,0
24177,5.6167488635121785,74862,19,447,35,28890,48,0
25022,15.172460784765697,48004,22,422,27,16362,48,0
41761,10.517476869633377,40471,36,411,40,33790,36,1
6542,18.33270906146852,111820,7,429,35,25025,36,1
26476,29.89984122751749,122229,36,367,66,503,24,1
31784,25.01340262816869,85308,32,844,26,41045,60,1
23740,26.141052290610535,103969,32,585,63,44282,60,1
25817,20.881624683977023,34568,6,304,47,13576,12,0
48596,6.038996206806464,29466,21,417,30,33290,48,1
17052,10.169941901103602,77324,4,529,69,11884,12,1
36153,28.126613911176374,122208,14,459,69,25205,48,1
48076,14.15282794821878,166539,20,593,48,32785,48,0
1671,7.590918162019889,95955,24,485,63,1268,24,1
1163,22.56013414665505,167748,16,523,60,1176,36,1
42424,12.486443098356366,114791,6,451,30,18016,36,0
45002,11.721422822604293,182586,18,439,49,12745,36,0
5795,29.94943638895651,128718,6,666,34,11961,60,0
11634,26.45347312566636,42650,39,427,20,36381,36,0
5798,15.198445459196027,108290,23,650,18,49266,60,0
23420,29.506530195412477,97701,10,446,22,41712,12,1
30300,21.25283058548034,30683,0,584,49,39358,60,0
25345,23.550561296994005,100978,31,768,42,6768,48,0
11749,5.78782607705529,24860,39,517,62,18972,24,1
39595,8.040131483701428,154801,1,735,22,33089,24,1
26121,20.82712816240596,51351,14,444,54,7626,48,0
38487,27.475599566237097,82744,20,576,40,45281,12,1
29411,20.59359315218989,175418,23,359,29,28403,24,0
34361,8.350622357974794,140198,16,674,51,29032,48,0
22223,7.894001156158116,94155,8,703,40,30226,24,0
8394,26.10464739560204,141449,34,413,33,49985,60,0
15056,8.482558467697858,96700,19,794,66,28783,24,0
29380,18.005799012600633,26955,18,635,22,8403,60,1
27035,5.927832999057557,195365,17,584,61,42216,60,1
31620,7.0167441847794345,41662,19,428,64,29619,24,0
20877,21.80870669107162,26408,29,614,45,49310,24,1
44404,22.229535260687918,191475,39,370,23,2619,60,1
31911,13.53673516521106,21225,0,644,30,1347,24,1
33784,10.39024413107612,163268,23,397,60,3164,12,1
4191,25.3427567689327,166444,23,599,47,13559,36,1
34160,10.42758073674726,37279,18,475,43,27788,36,0
26000,18.550676741659494,130401,29,374,34,33678,48,1
40040,29.205221021572637,112404,25,442,26,7166,36,1
4631,8.696310946559596,189259,37,322,33,35219,12,0
7172,28.52190668736772,68481,28,480,66,44763,36,1
43080,9.572326326716716,179547,12,344,69,403,36,0
24561,19.18608020058074,64552,3,768,35,10033,12,1
25817,14.425192798968615,157930,16,391,30,27224,60,0
21281,29.12321503754565,94474,32,568,46,18074,36,1
29671,11.838550725048423,45168,4,333,60,3485,48,1
26364,14.991450052143842,52099,27,663,62,46519,36,0
42674,29.57150294638551,81455,23,432,41,9448,36,0
28425,18.41175977971183,74240,16,681,62,20672,12,0
29602,17.565752890531336,94796,38,576,61,13410,12,0
24253,11.444462205099782,74592,39,455,63,14262,48,1
24472,22.534089007761036,142181,10,686,30,27760,24,0
9080,5.359323794444441,198530,11,834,42,9834,12,0
8099,6.237815742557338,121611,12,499,58,32279,24,0
26431,19.98396467839507,78046,7,574,63,27928,48,1
32186,13.541864345461352,36488,0,800,18,49674,36,1
48684,28.832909305024014,138521,8,758,26,20829,36,1
31111,27.57976726806964,151467,27,349,21,22843,24,1
40851,22.84265646691768,161917,1,831,45,34712,48,0
23614,25.453639528195033,187131,13,391,29,19955,48,1
27724,21.683296241692332,38394,12,755,41,34328,12,0
42991,8.139552567754016,113993,1,638,63,31632,24,0
5940,24.138584242230067,196978,3,352,26,37515,12,1
29758,10.25479921797116,79332,11,795,52,7154,24,1
37224,13.086071377504918,188377,9,303,55,28170,12,0
8788,25.480855302560506,62628,2,580,52,46857,12,1
29082,18.413140209836207,41352,3,589,50,49744,48,1
25034,26.49851785458523,102971,5,372,52,31163,48,1
36479,10.325882996081605,71993,22,436,63,12085,36,0
12280,20.19446096517218,190458,4,692,37,27244,36,1
19052,7.094774313706541,123027,2,507,19,5327,48,0
17531,21.07652483850074,140212,9,559,61,17139,48,1
23804,24.063350944388368,28539,18,562,43,25875,12,1
29903,19.623272349468042,152335,13,804,59,33264,36,0
45857,11.655787537470257,164377,20,849,30,13060,48,1
11142,5.783566721471668,73817,27,502,47,15656,24,0
49355,7.986222099107144,175470,20,646,69,18805,24,0
10866,20.557574476850654,69107,35,351,49,34366,36,0
5531,28.360505421062843,183224,23,655,53,28855,24,1
46454,10.16336009930016,181696,37,818,36,4127,12,0
39098,23.37565372762747,149240,16,662,39,45891,36,1
39278,26.661276581226037,119655,21,344,18,38319,48,1
29138,18.02205446118778,76132,18,677,28,3590,24,0
28065,21.731644896091442,145701,9,711,43,12973,12,0
30956,25.375382916903703,125494,10,441,65,16845,48,0
42732,11.51687894351484,72979,37,557,36,37734,60,0
40261,12.422391856701076,78013,1,336,36,48087,12,1
11759,5.015687915711404,83797,32,344,29,27281,24,1
6439,29.077353272445063,71798,30,345,20,44283,12,1
48241,27.93862236490862,167722,34,600,35,16549,60,1
43533,24.11420659398576,177086,36,587,66,27623,60,1
29270,6.9769005244162035,96421,35,568,22,34496,12,1
14279,16.187572242487704,27434,22,361,65,24080,48,0
40279,7.54729384928882,50028,35,541,41,4697,48,0
45251,5.398006681569965,86558,39,653,31,15730,60,0
24888,20.404574130314934,44331,38,370,68,28245,36,1
18630,29.02073542700471,87573,25,712,55,44134,36,1
36144,27.571700585803754,149473,24,360,20,31313,48,1
32182,22.418870373385108,197398,16,751,23,18557,36,1
26538,7.416014604121786,102979,14,692,29,37,48,1
12824,11.854100941807502,24123,36,828,69,29908,24,1
33125,13.001418172132274,36603,3,604,28,40254,48,0
7979,24.07875144363903,85941,21,490,56,2021,24,1
27189,25.056229480877853,62597,16,377,43,39648,60,1
43600,14.627653074748011,104238,21,824,18,37289,36,1
13504,15.447099915440242,193791,16,600,33,8839,60,0
21669,6.112725981904283,61751,13,316,65,31005,12,0
7910,12.228417960469024,146462,13,733,66,3302,12,1
47857,16.282129429441,106978,16,342,64,8511,60,1
35964,7.92457615963144,37693,7,367,26,20991,48,0
21131,16.331686518875536,188769,33,679,22,39136,48,1
26227,26.329395306445008,114524,25,511,69,43513,36,0
6978,19.53302549312633,117869,29,502,25,9914,60,1
22991,6.973246375960308,181064,21,408,38,9948,12,0
18153,9.79178297075686,83825,15,583,50,44638,60,1
34548,16.863608753963906,160594,29,524,56,28354,60,1
43676,14.037178745545301,150475,15,417,60,5873,36,0
40071,13.968175488652468,65406,37,639,37,31461,48,1
48454,18.231686203589753,163193,23,580,62,7498,12,1
4983,19.609898039736436,143371,35,790,39,23556,36,0
10503,24.921539256904776,165291,34,318,30,32606,12,1
30921,13.524164086562116,21617,5,474,56,27091,12,1
17905,25.136657076014668,63016,3,768,28,5635,48,1
46838,13.465280727815813,44276,17,441,35,33532,48,1
24953,6.385824723530845,92240,5,762,47,22690,36,0
27806,18.85469127511978,126292,25,597,50,17036,24,1
46000,19.697558122370364,37959,36,769,61,45040,36,1
23168,28.3635061405465,48522,26,672,20,47911,36,1
5583,23.15153315156186,161025,10,767,18,44562,24,1
39714,27.94431631236099,46567,37,737,53,10321,12,0
40896,27.70868025607524,82708,15,742,23,29152,60,1
12889,20.114352756456054,146206,18,755,54,20348,24,1
28413,18.19405163341119,42560,14,547,46,20995,60,0
13275,18.936024179089998,78390,25,441,28,24762,12,1
3461,29.458270191931195,145772,30,701,69,145,24,0
15291,24.329192293673973,187732,18,521,30,5101,48,0
47804,7.656647619809895,65104,23,483,28,4247,36,0
12435,24.460710169534998,77805,8,663,55,9578,24,0
28935,9.263451222455647,44496,22,487,68,4188,24,0
34453,16.183763725140643,111257,3,412,42,31774,12,0
19544,10.261491804413357,23515,9,480,32,43547,48,1
13258,22.239576638330746,24454,8,498,30,2696,24,0
31841,26.932743404825892,42873,18,369,59,41008,48,1
49758,12.259047134167023,93920,14,784,50,46958,60,1
11736,7.050268530204691,33727,33,698,30,19713,24,0
38643,12.462327451874081,148376,18,309,55,44549,48,0
44950,21.80904644830486,89070,20,302,41,43548,36,1
35964,13.21900318886125,119059,33,777,37,30875,12,1
29044,11.952804188845086,144564,16,366,61,25350,48,1
40933,9.610879764606624,137213,17,396,34,4641,12,0
16997,17.437910671860838,45465,16,830,67,5559,24,0
15215,11.89872070392969,79799,1,617,41,34028,24,1
34069,23.275258728487078,116129,0,397,43,49801,60,1
24911,6.915560049805068,172402,9,356,57,11631,12,0
18030,21.600825827782938,159374,36,406,49,35816,36,1
30334,10.939000364194246,127288,4,387,46,2023,36,0
15571,17.231981526290078,32875,11,670,31,25656,48,1
43719,12.152248050781516,47219,35,674,54,20654,36,1
29927,23.06921690026989,56182,30,351,39,21717,12,1
21714,28.632676006290918,193341,37,340,51,34842,24,0
44541,27.92691948674533,99781,8,390,44,32550,12,1
24387,19.585655378602276,26457,25,338,45,45202,12,1
29444,16.56525758142446,157821,14,312,39,45923,24,0
49908,25.457512735984544,53064,15,403,60,35080,12,1
20921,22.08315906569325,160893,12,342,20,3474,36,0
14057,9.589102855423322,135256,24,508,39,14171,48,1
46268,25.522980340325006,118297,29,775,65,3260,48,1
25858,15.722109734867754,158736,6,408,38,49109,12,1
49689,9.724641499279379,180353,3,513,33,5618,24,0
45638,12.044933759912311,182893,39,708,26,45765,60,1
27062,11.688175756208558,175719,37,376,30,34118,12,0
37850,17.980174365086505,89918,29,394,27,9285,12,0
47486,10.859252266946887,110179,9,568,66,38816,60,1
21567,8.089162185039404,94944,29,660,38,8141,48,0
30739,8.092271265344017,109142,38,829,66,28352,48,0
44285,19.581904928477414,47603,6,461,59,44056,60,1
4754,23.368982221234464,66458,35,764,57,23707,24,0
28044,13.03832522095852,90605,34,847,24,22161,12,1
2724,5.866267745350427,39623,23,486,63,1854,36,0
2376,8.180622173425268,64440,38,351,39,18650,48,0
9706,27.867364008426428,102427,35,787,35,16944,48,0
9894,17.338591489736324,158776,19,830,38,7546,48,0
19037,16.33932024037937,113826,31,695,68,48321,24,1
19450,5.951229457752273,47460,38,391,67,7207,60,0
17406,23.21592555792248,130373,25,656,31,29268,24,1
30725,18.201702023301973,157637,25,443,27,6486,48,1
6926,10.05202340216302,24870,35,498,50,31222,12,1
40019,7.751844004526429,38909,34,622,26,29121,48,1
10496,14.584696590799963,29117,34,631,35,18767,12,0
37068,25.92904910487564,87474,11,563,30,38915,12,1
30806,26.632363980025612,113926,32,516,34,10017,48,0
23663,20.07115950989091,195394,35,733,40,15094,48,1
42321,23.188410680753567,147463,13,759,42,31236,12,1
37495,7.878894685071759,121536,32,802,33,7664,24,0
23656,19.70315163669637,40128,23,768,41,29921,24,1
26860,21.674142587179546,89001,14,665,48,29845,24,0
17832,10.017821072844805,20440,30,538,28,14573,36,0
39787,27.003868322756475,143491,16,695,40,1683,12,1
49231,9.874918438025494,162735,11,694,58,9390,36,1
22727,12.83693399616126,170619,21,374,56,33777,36,1
43815,20.513921175586464,101662,22,397,39,48588,12,1
30545,20.958751628268267,20005,25,682,50,31777,36,0
45522,22.48461852468418,27038,13,669,58,42667,12,0
3520,7.800292826705142,26414,11,584,59,29111,60,1
4081,26.236610748213884,89506,3,555,65,29980,60,0
35196,18.321178307081496,96586,12,608,35,35380,12,0
37735,16.78304485262671,153678,17,475,31,23808,12,0
40213,29.52744061283774,36482,27,527,45,7226,12,1
15566,23.509457423525493,53948,37,646,28,22447,24,1
15042,7.950150665484372,109987,18,641,41,37109,12,0
26498,23.91347918065602,40875,37,538,53,17926,48,0
12329,7.381223349321737,33057,2,649,36,17621,60,0
32656,5.686764062824621,52400,18,754,30,11167,60,0
3159,15.090647381747427,88607,19,740,50,5709,12,0
38900,29.839454320480467,107561,24,814,36,13240,60,0
20363,9.372098404871565,47503,10,380,64,35031,12,0
48701,21.81610858816975,174837,16,660,69,32146,12,1
44241,9.334901655152983,121096,34,587,49,49434,60,0
20033,23.11967437395965,66612,13,307,32,7998,60,1
11805,17.633841705945652,118318,38,386,28,49083,48,1
36851,21.999292752234407,104335,18,585,40,40508,36,0
27832,10.071829397855865,120989,2,698,22,10812,48,0
14944,23.64070831301255,113012,33,373,39,31101,48,1
20873,29.890476490567668,101748,21,738,59,14228,60,0
41372,21.641262515648993,160500,37,422,35,24747,48,1
24928,17.336999951821944,182491,26,676,24,46300,60,0
16379,28.07934971548162,85195,20,442,50,29790,24,0
37751,5.396296055796908,109846,30,457,20,1882,12,0
35546,23.248087982145528,122404,26,729,45,38955,36,1
25286,27.218662920345324,59142,36,747,18,18659,24,1
6110,6.541864590523936,91540,1,709,66,47420,12,0
13087,16.251604260393954,189361,8,670,64,23258,12,0
24762,10.117986348749973,96948,18,408,54,23886,36,0
18081,19.162954139695753,78951,35,335,39,41560,48,1
35947,21.23857396509151,31755,9,389,65,31343,12,1
10596,12.565579573218876,137985,39,714,61,18407,36,1
39019,16.49954174195252,104553,38,595,36,49618,60,1
43003,11.983487131913988,154962,6,345,31,3950,12,1
19313,14.234779111377843,114376,3,787,20,3889,12,0
48639,8.98849891721059,37175,14,469,36,30410,48,0
2013,27.138986089640785,85687,11,445,50,28968,48,0
24705,5.250260263978411,104983,5,719,38,18976,60,1
2828,27.060229661094713,175360,8,302,18,23016,12,1
8909,19.291971958743463,66629,34,562,43,9211,48,1
39356,13.291446104425438,136779,7,620,27,22742,36,1
14109,23.076428136508245,198872,6,545,52,23553,12,1
3023,17.693803796566606,188439,3,776,30,29332,36,1
15537,17.477716452690164,88513,12,558,23,13089,24,0
27661,7.753557072974161,102762,18,392,60,48334,60,0
39659,14.737900648635216,180094,6,832,23,4436,48,1
34848,11.026608646418417,152731,9,638,52,17087,24,0
38804,5.392397639906991,77941,24,559,33,25428,48,1
16379,14.002490769552832,189002,34,536,58,8497,24,0
28766,7.245553235640118,63473,24,440,25,28154,48,0
44590,11.42075094312963,36040,28,779,20,26509,60,0
3563,7.312915529577362,89806,11,649,22,40404,12,0
37060,7.523540638909971,164358,39,429,38,44747,36,1
30197,9.975282360379707,132076,11,836,48,41833,24,1
4586,29.996231112160004,75916,5,310,31,34349,36,1
17087,5.054603571431219,168672,9,556,54,3957,36,1
49868,20.96681590301013,153363,1,668,36,37358,48,1
24225,8.531092450663934,164195,24,693,54,14913,12,0
30750,28.015703417769394,23811,6,718,37,9797,48,0
7643,7.34082233334073,51276,39,318,69,7531,36,0
28523,28.876579678155913,197691,22,409,19,13825,60,1
37727,20.27315968708695,101049,10,736,24,6911,12,1
12005,5.031701922887256,177786,35,804,50,32316,12,0
44543,27.35017994792015,163266,22,333,67,5731,36,1
1161,18.042795034172958,93062,6,587,59,17279,48,0
17029,11.566743383262114,170434,26,554,23,47558,60,1
15226,24.181979437890753,74499,12,433,24,46223,24,1
29731,28.16663884717175,66281,16,798,61,44223,48,0
44922,17.092270578669847,64852,31,696,35,24416,12,1
45848,12.888836861077772,198908,25,786,60,28000,48,0
4390,24.72362809837317,24595,21,512,46,12045,24,1
6997,22.044637444711366,115930,12,649,36,36299,60,0
13693,27.21881209375681,166474,11,318,42,10666,60,1
43092,22.312850319029824,112676,6,418,21,18245,24,1
1541,11.088208472488407,193795,0,601,68,32566,24,0
22817,28.291481243975475,197836,32,584,30,27339,36,1
38861,7.620893680149782,175983,13,526,49,4852,12,0
14428,11.698568752671196,39405,16,806,44,16414,36,0
44934,18.00486519309714,78122,3,800,68,14281,48,0
49831,19.143550651772536,148909,38,511,51,48538,24,0
11258,5.382764665672636,23447,0,655,45,47155,36,0
17044,24.5143181455235,30662,23,786,26,28031,12,1
30411,14.040182960634738,78282,33,620,25,16626,12,0
6469,15.160463525053446,155971,33,522,38,23302,24,0
29854,25.234238610923644,48582,23,490,63,45741,36,1
7256,14.482084793188614,87471,14,799,47,46691,60,0
11720,6.180621912368871,143513,16,794,46,30112,24,1
34937,9.410994261758757,193285,12,536,26,5511,48,0
34598,28.897579309704557,127578,6,321,30,38276,36,1
2651,6.760134060062854,95871,8,626,35,4668,36,0
20194,13.873280024200406,103205,34,844,55,6087,24,1
26051,17.579479176283613,94081,22,426,39,7015,36,1
28386,17.332020683464002,125783,38,664,48,31419,36,1
10518,5.098998575303569,103805,22,343,52,39430,48,0
47026,17.52906828643726,144698,25,818,59,31314,48,0
17184,14.59431144943523,188902,0,427,59,11614,60,0
34787,29.301983386863927,158138,13,429,27,4003,48,1
22621,8.978977099845746,30712,31,828,26,26235,60,0
11028,13.853854918987375,101527,9,620,48,33366,48,1
13448,15.487037127245493,149453,0,485,61,32837,60,0
46253,14.76733842752372,146888,4,647,57,8139,48,1
35051,21.645770691296562,107185,2,780,41,9585,48,1
31447,10.387821438694221,119851,26,660,58,3659,24,0
19394,10.526788820349797,181878,21,586,66,26225,48,0
35501,23.230273712521328,32210,17,481,25,5634,60,1
31254,17.507262966954492,56972,15,750,67,39590,24,1
19509,15.37889190143276,54136,1,396,37,3682,60,1
49998,9.230076291931296,195369,12,613,34,35451,48,1
15472,9.688180572804164,136445,15,845,45,4562,48,0
46657,5.263790920397514,35945,7,320,23,4652,60,1
4471,7.285656721542731,193549,7,796,59,45949,36,1
42796,18.920967367256026,99180,9,702,50,21315,24,1
31268,27.296828250210247,90453,32,423,45,9502,24,1
9329,12.179119128263936,105404,30,418,18,4713,48,0
35865,13.193680647403204,164296,11,776,58,5413,24,1
47850,7.890140265287805,23052,8,402,69,21984,60,1
47698,14.715773640177568,47272,36,632,52,20487,48,1
29272,5.930542614233229,61150,8,758,41,2075,24,1
43845,27.940017406547504,168388,17,429,23,33550,12,1
7397,21.827783703113216,158312,29,433,24,20190,24,1
33373,29.76872023483047,117095,31,456,26,32263,60,0
36525,27.070579066962342,88774,39,724,54,42293,24,1
25570,16.824764842453817,63175,22,734,33,11909,36,0
19284,17.992125778759423,151637,10,688,51,29212,36,0
19994,9.764401162929847,36375,19,617,52,14962,48,1
24284,16.55098357098889,45710,18,804,52,15853,36,1
18833,27.57569683732029,166246,35,489,37,34822,60,1
26122,6.271335590895529,127026,25,710,40,14375,12,0
6017,26.588920074957745,47597,9,351,59,44361,12,1
17370,13.523695041065244,94289,23,745,52,45964,48,1
30252,27.487819127407747,189469,12,743,64,2109,48,1
8999,28.521997658537117,184141,33,681,63,1320,36,1
23436,21.77162217504765,105687,28,673,40,47482,60,1
43963,21.610594664816947,138968,35,674,21,15987,36,0
3096,16.3188584427185,60274,6,688,27,37185,60,0
49201,25.888505613592688,189269,29,778,60,3699,60,1
26279,29.04031896083208,68634,16,703,28,49884,12,0
44363,24.37704500847798,50041,12,767,57,46436,60,1
49709,20.54841834391773,158320,23,804,26,28209,24,1
27201,20.16982239553342,105365,30,382,57,39330,60,1
20715,26.23674753959156,153275,26,618,29,46415,12,1
30309,18.530094144282458,71986,20,366,34,49127,36,1
16078,25.096497156220565,45370,0,713,49,22547,60,0
6105,17.722131379356142,55247,14,752,40,22939,24,0
30312,6.561106874348104,144403,2,497,32,14202,48,0
3839,14.59867522260388,139544,5,558,68,29220,36,0
4384,16.11102394178747,151506,13,597,45,21762,48,1
44619,8.54043112466543,82982,37,579,69,8796,24,0
43821,7.56240822973032,85180,32,599,55,1722,12,1
14493,18.386623741423854,128534,37,428,22,43364,12,1
18069,7.128590913902054,185546,7,797,57,47304,36,0
47907,12.5736291972521,44644,25,737,35,11674,60,1
8531,23.614924399076898,58493,14,591,38,48415,60,1
38051,29.11080448919952,103824,13,506,32,2812,48,1
8736,22.946764513798215,155031,19,593,20,42541,12,0
8710,29.815638711321757,67289,18,328,63,2278,60,1
2619,22.458449281985068,162215,32,478,43,48222,60,0
14975,12.344861766358187,190665,35,340,32,35118,12,1
46603,21.801313512634046,190187,23,769,62,3623,12,1
24252,22.553919129922598,173612,9,491,37,6530,24,1
16261,14.293174615411514,55481,33,643,38,49866,48,1
2431,5.442846265234725,97097,35,577,43,15987,12,0
10067,22.579994619387172,42578,35,654,58,924,24,0
38481,5.54250238188854,163859,15,828,40,19546,12,1
28037,20.779701951501778,92048,14,385,66,37297,36,0
10557,9.090412218563877,161668,17,616,68,12270,36,0
10435,19.140088193701082,171002,6,636,42,18953,36,0
38766,17.597825634515,199022,21,444,21,35583,12,1
1162,5.337841057654565,115737,31,614,69,23356,60,0
35742,14.071645424877586,38687,18,524,27,4578,60,0
20675,20.02727918490757,142540,39,722,39,4462,36,0
9461,26.215163797469494,187061,0,353,20,888,48,1
18015,27.21605284591293,50183,34,367,36,22332,24,1
33591,17.09624925083058,40758,4,633,48,19862,36,0
29047,23.210562182485955,152154,11,376,26,19973,24,1
35782,12.911364413336441,116368,11,838,46,46410,24,0
10833,13.554660143966435,65891,20,454,54,1723,36,1
8896,9.861587979557843,196882,18,371,63,23410,60,1
33972,19.04870274983098,66901,8,800,24,8602,48,1
42800,12.86410377318413,123912,35,746,55,18614,36,0
31508,7.109272410962626,91062,31,658,41,44154,24,1
6347,22.12515216657947,172635,34,576,25,18444,12,1
31314,22.693830190134953,92008,30,612,51,2613,12,1
3643,13.999810469476447,153847,31,404,43,42772,24,1
41785,6.9180849864005705,166900,36,394,45,23082,36,0
19681,15.657442935085648,37974,31,518,45,15980,60,1
39328,16.058386451255387,173460,36,427,63,44866,36,1
16892,21.716772122447324,100591,38,499,24,677,48,1
48299,12.885409781467086,38615,37,631,20,11102,12,1
18073,22.064981994532637,188958,29,846,69,40498,24,1
37768,26.78721354393471,42838,31,591,39,43211,60,1
31682,10.937151059054996,60728,1,365,55,3004,36,0
33262,29.472988902997493,136249,10,703,63,48170,48,1
32358,14.659203428420174,98000,19,445,61,8986,36,0
15289,11.681467128676545,72798,36,829,35,33496,48,1
8927,15.537779562757263,170694,8,701,29,26269,36,1
49330,7.359936897596479,164608,37,424,48,14173,60,1
2171,8.142647662802892,156772,18,813,56,47609,60,0
12918,15.360851174208285,189911,39,631,22,21118,24,1
42903,24.0611130484775,30248,6,779,61,32958,60,0
40110,27.50780598936227,65291,4,697,58,14089,48,0
12929,21.620449767906774,102629,23,329,46,42956,24,1
3539,7.630488880954243,145612,6,355,60,43067,60,0
37727,21.800494054513376,37177,10,431,53,20250,12,0
46951,20.8856980175743,170555,8,530,31,26065,48,0
23669,25.144097957333283,63815,29,694,61,13690,24,1
6432,25.63121666630452,58533,2,451,35,13740,48,0
21644,26.705076894474473,20026,21,801,24,43069,24,1
19745,15.353287864477458,124997,39,805,40,38807,48,0
29228,22.446609883803607,80611,19,685,50,39213,12,1
35521,11.706258973057768,107242,31,832,62,41597,60,0
32703,29.983406999587608,175732,6,747,33,4045,36,1
27928,9.3833560344215,124913,6,425,54,5624,36,0
19322,5.252860791520895,62082,19,788,68,20542,36,0
23360,8.7202178629544,167330,24,745,42,43779,24,0
30055,24.396807238603166,123613,34,769,26,20495,60,1
43891,16.169591912705286,118315,23,648,45,39602,24,1
17376,16.18750619526071,109690,39,807,26,9033,24,1
7588,28.87557299029171,115220,12,756,29,21604,24,0
26000,27.990872700701857,35389,38,684,35,20442,24,0
7304,12.779868445100231,111860,3,747,44,3247,60,0
8345,10.226453219521654,178757,11,414,43,40748,36,1
30300,26.212055248343493,178267,16,751,43,25474,48,1
25259,27.65047677610908,41797,0,418,27,5586,24,1
26470,18.53992306996217,131975,16,392,34,7940,60,0
24017,20.735592777927515,117169,1,820,68,18606,12,1
16352,11.422857117307334,86332,5,837,49,42217,48,0
34365,25.020067199463114,158260,10,732,41,40747,24,1
20446,20.803060711225577,43696,17,444,60,34282,24,1
3336,17.587837782449917,22024,39,367,65,45506,48,1
10879,6.502713901959895,187057,24,430,25,2883,48,0
33316,27.898374062778842,157656,38,580,47,36594,24,1
34340,20.38628550961015,110998,27,812,43,30495,60,0
8521,9.817277367324198,178116,15,300,41,12567,12,1
7171,20.15965292457632,25285,11,731,44,4339,60,0
24481,21.936583855999334,27370,28,690,32,33442,36,0
19474,18.144258417080636,37903,22,565,45,22673,36,1
47760,22.952543448900563,183571,20,698,28,15426,36,1
45629,19.536348698215605,117904,15,555,56,16486,24,0
46232,28.694239550803704,42995,25,694,19,10549,12,0
22008,6.342426964982671,125160,36,473,68,3993,12,1
2633,7.656142711739013,186272,21,344,26,12219,24,1
13485,9.341790923858497,108377,9,440,67,3708,24,0
44617,22.254276765108305,164638,6,838,62,28788,24,1
4648,21.139896818745218,57822,8,349,40,1495,12,1
48945,27.30147150524235,127412,24,360,50,29434,24,1
14140,23.32193632209746,71222,14,542,36,36160,48,1
18921,17.708887189114805,114088,12,568,30,44466,48,1
15357,29.795794811590756,110450,25,439,31,7537,48,0
47136,11.65269890423248,129366,20,456,49,35553,24,0
4137,25.82979149463635,130078,22,575,66,22203,48,0
1097,15.669759304847984,83853,27,330,39,5588,24,1
12407,21.218378471893356,143794,37,307,37,28308,48,0
31575,23.18171176131085,173405,11,332,50,37570,24,1
13722,20.843852179758407,167030,23,751,22,15211,60,0
13924,8.512682577714832,72442,12,748,37,37659,36,0
4750,16.07377526869832,172026,39,336,31,45528,60,1
28733,19.035959448328107,29675,1,333,44,3525,36,0
9535,26.22609397946492,109590,38,754,43,19901,36,1
25487,16.091143719964307,128570,11,743,49,4777,48,0
31651,27.968682620106286,51661,38,536,47,4189,36,0
5666,16.009355575630266,84289,13,511,44,45791,36,1
49777,18.71949648157529,37184,29,439,43,23317,60,1
17994,24.907142073570025,67963,18,660,35,31501,36,0
2727,19.57669211055359,176894,30,603,62,18297,24,0
35622,29.005451809570616,25267,24,595,40,10649,24,1
11800,21.50839576285319,82814,3,451,61,23719,48,1
38823,18.067736351690026,56025,12,522,64,46645,60,1
44039,5.589799194519896,141246,35,495,41,1150,12,0
19708,15.343322439508245,97605,36,598,21,14301,60,0
13819,12.48121048150401,152053,2,828,58,28434,12,0
10369,23.702641697187232,63436,15,787,20,36905,36,0
10283,10.206941878838645,169544,25,510,60,20520,12,0
31573,10.130502182351796,170408,39,531,47,1510,36,0
14171,9.73797608093442,176659,38,666,64,28546,60,0
31933,8.140390328905898,97192,18,780,33,13982,60,1
6774,12.775175091772185,140591,14,478,24,3915,48,0
7519,27.148052861085628,104511,31,783,56,14734,48,1
11983,24.373211807648875,29665,20,794,39,22709,36,0
31932,23.381280407669838,178169,0,846,58,19636,36,1
31798,24.933420141249066,111277,5,315,48,32684,24,0
19133,11.735447233239292,72474,26,765,66,10957,24,0
15939,27.186042268812194,176257,22,701,30,36706,24,1
1781,8.43258437854011,95911,30,593,58,33841,60,0
28624,13.408643167889549,112643,11,470,58,34960,12,0
7823,19.668702974183574,50484,20,331,69,40975,36,1
19489,7.572627208550015,121165,1,562,46,31828,48,0
40961,23.25325469441062,196682,4,514,45,40151,36,1
30118,14.681151205086874,45835,8,488,61,28129,12,1
35881,24.610141640210003,116453,19,560,36,37939,36,1
17280,17.322407139615066,73790,17,481,40,8298,48,0
23263,9.521863110633408,29643,21,804,64,6480,48,1
14565,23.369045283883608,95846,7,641,67,27544,12,0
21354,11.30359889597359,170023,33,321,25,45426,48,1
43951,17.27025753170107,166305,8,373,42,2857,60,0
26643,6.88833172892269,33200,6,465,55,4349,48,0
24648,20.446666360300917,72275,29,533,55,1428,12,1
42971,21.646444155406932,109001,17,674,52,39491,12,1
19658,14.46685524931959,172363,26,732,43,46778,36,1
22253,28.860569508026845,62448,15,633,20,23163,48,1
49563,26.85422303705171,181652,20,839,19,27677,48,0
27390,22.69852289349987,111685,4,334,22,30904,12,0
24128,22.841301862343567,172418,28,743,37,15718,36,0
14489,11.310042873553781,30619,36,530,29,14809,36,0
39314,21.420380777211225,125454,21,617,55,13272,60,0
33658,9.955156630887991,21766,13,642,33,11828,60,0
7852,8.600080597995554,23549,18,729,54,44431,12,1
30450,29.986697355064504,169765,34,765,55,7856,36,1
3551,20.559398286829357,127938,23,378,53,11223,36,1
7411,15.774696816429763,147673,5,748,63,39413,60,0
34243,12.204113072098783,68328,2,581,46,35689,60,1
22800,20.098011091555684,45301,33,356,52,8166,12,0
11403,6.239837705502153,64763,1,490,66,12637,36,0
8239,7.367024762619876,171837,14,762,54,46534,12,0
7710,5.821417443509908,64787,36,341,38,878,60,0
22384,17.479245831566544,140675,14,785,38,10704,48,1
22038,20.015165729679566,27425,31,472,45,8502,60,1
41846,6.561994033945521,32857,20,549,23,15266,36,1
23447,23.030611687472913,112999,16,809,37,48068,12,1
3285,10.75987678786411,173516,33,801,53,34089,36,0
38991,22.13003634424665,61457,31,492,30,44356,60,1
14521,29.54742850088114,151776,22,464,57,20759,60,1
48657,22.27764675134628,25452,34,389,28,15046,24,1
7971,27.079826323090213,131153,36,357,41,25270,60,0
30139,28.704962668576684,58862,36,562,36,10806,36,1
20909,17.168776208807888,38300,32,542,40,41230,12,1
12531,22.55812448549267,160638,24,518,48,37988,12,1
15721,26.299231338896043,158573,36,308,54,35892,24,1
20206,13.915222821859652,21845,39,729,54,29512,36,1
38711,11.534932914009872,139342,20,312,20,40954,60,1
7530,28.664964319458466,59181,37,524,51,5099,48,1
12116,23.15758750922045,54404,39,366,46,30311,12,1
1258,10.492053334395658,42564,33,802,20,8552,36,0
1282,16.227084816902835,117898,18,483,32,11627,24,0
14937,24.911294238445233,38227,26,507,24,25309,48,1
2898,18.676574772961054,115259,8,827,20,45756,36,1
5135,21.248802454147228,144451,4,599,64,1350,60,1
7629,23.84420505112631,198547,4,540,60,12276,12,1
44936,20.550229720224515,37215,24,754,33,11739,60,1
20584,18.501983048054896,150577,25,829,62,21302,24,0
24551,23.740357109694337,91074,18,543,51,38498,12,0
34380,23.189075885805018,172771,29,537,37,12384,48,1
47971,20.746810004579473,128621,35,545,61,33094,12,0
18071,13.99473533454824,163526,15,644,56,2120,60,1
21074,15.14530230500679,199289,6,783,50,993,36,0
26188,29.260963722102435,126759,17,609,31,21759,36,1
3307,7.809648307288146,148471,20,583,59,18150,36,0
40901,11.712622931320883,41711,30,337,52,45388,24,1
12205,17.310043980108393,166131,0,331,28,25756,24,0
6906,25.918242153594647,68398,2,542,37,48546,36,0
3591,9.091891593243197,21286,30,591,47,35549,48,1
16149,11.923865453115248,185369,24,591,45,39787,60,0
45918,6.644955444880974,128304,7,681,32,35673,48,1
40951,22.64963165127046,124959,0,437,55,8290,36,0
26150,10.955235886890403,177557,6,499,67,48028,60,0
32852,14.716868766773763,79967,6,634,30,16627,24,1
43870,16.092536175741696,117803,7,746,64,7938,12,0
2283,27.28284839016139,149745,18,647,52,38262,12,1
34691,15.28325725828092,74583,16,577,64,2709,60,0
2125,8.630625497881226,144077,10,831,41,27629,48,0
2529,18.107873458503025,131359,10,698,18,45422,60,1
27170,29.07394986621574,47086,37,690,59,49137,48,1
9438,20.192141026270278,167556,1,309,41,44186,48,1
21095,29.584680511514314,124132,3,848,44,24085,12,1
17154,26.027682723471752,79263,27,358,35,46537,24,0
9004,5.89914390533532,169747,32,387,43,40563,36,0
10752,21.459989884426047,140155,10,758,46,30832,24,0
44360,12.169171938947091,80664,2,403,25,23472,36,1
27819,18.990421391118097,175752,39,403,61,48850,12,1
37632,11.983629773280665,168149,4,553,43,20762,36,1
27515,13.721760415132259,140474,20,634,22,9507,48,0
25217,28.079217793854482,189246,21,762,50,9578,60,0
24172,10.166079622292632,96968,36,848,57,6711,36,1
33994,26.85272795064576,154563,10,600,22,15979,24,1
16036,5.76144520176242,197198,21,640,66,15049,12,1
12739,7.271913459241209,154464,12,791,64,24997,12,1
33220,26.366876034606587,87804,2,383,53,40830,60,0
10587,20.763900772729883,58400,12,558,30,15833,48,0
45517,23.680903450988755,187623,27,659,34,20185,48,1
31129,10.235441770546355,48088,10,386,30,21746,12,1
1645,18.42708638975259,176537,10,727,42,21857,48,0
31930,23.43048058928262,199227,20,666,19,9603,60,0
17299,20.68285342525656,107893,20,642,41,11441,12,0
31090,16.792469172280235,25969,6,646,53,4570,48,0
22953,28.99459466094287,28981,16,395,42,32316,36,1
47443,21.903933336336134,172104,13,554,51,18467,36,0
27475,27.69377000603095,74091,32,435,29,12845,48,0
19888,23.24426278934203,127154,10,547,36,44638,36,1
44732,23.38658821494208,44408,12,798,67,42310,60,0
17087,7.000456743941983,175313,0,785,59,26943,24,1
47305,13.98661554634859,67940,33,701,47,4833,60,0
47037,26.459235167991462,23657,8,711,54,39569,60,1
10346,10.815096553718899,41230,12,747,60,3340,48,0
1587,7.887646653911655,169752,36,546,18,43532,60,1
13763,13.152651415969835,104731,29,720,20,12312,48,0
42945,10.510947122315349,193412,36,423,66,36612,12,0
5079,28.13220486982888,187022,6,559,43,639,48,1
37116,26.69916605005328,158939,13,468,32,44188,48,1
21215,17.492080757072607,24329,5,410,63,15211,12,1
26817,6.533596862096701,55865,33,589,64,13496,24,0
25765,22.864058652328907,57869,15,312,65,28845,12,1
31112,20.585293283406614,140185,36,562,45,40919,48,1
26556,29.2638667682124,103984,35,322,21,30089,36,1
19099,18.973831006759426,145172,5,499,36,41145,48,0
44553,13.409843085072735,121069,7,541,41,38168,12,0
46096,17.975542339463892,109711,23,538,57,29672,48,1
7450,29.481582285112907,86252,2,602,23,15945,12,1
14230,22.409060813325762,99386,3,464,33,17702,60,0
30009,21.799403448176278,138728,31,475,49,8719,24,0
6433,11.017039743147134,152783,0,328,47,36027,24,0
34866,23.590062939015443,45801,33,834,52,36251,12,0
40864,23.75679573679429,110709,8,593,25,19403,24,1
19710,12.932224594397633,73270,11,776,22,26809,36,0
12439,17.09284580976783,75535,9,682,54,42527,36,0
42855,12.365083323511401,36220,9,595,29,25150,24,0
17021,11.467626758107167,33392,22,633,42,10226,12,0
7416,5.647401756237128,153318,5,547,50,46940,36,1
7980,12.130293616333303,40010,23,540,56,37172,24,1
19058,18.84924874695687,146951,23,405,41,42172,48,1
12101,5.0400296887257205,88358,20,422,28,38705,36,1
41718,12.080477095241687,168306,30,334,59,34202,60,1
33602,27.03525830808125,116190,29,715,52,8729,36,1
10122,19.84121462768402,135795,33,626,57,23938,24,0
13576,20.19657060202451,142790,17,594,18,37721,24,1
28516,15.084107625658831,145223,11,731,25,9766,24,0
23433,21.911803587310274,95205,34,646,40,8384,12,0
2089,9.748319155758978,172856,6,336,37,25762,12,1
38346,25.46867025960479,180744,39,811,49,28724,48,1
10127,7.917227998397495,21082,24,834,28,25050,48,0
11487,21.400033866327732,162220,5,317,24,20653,36,0
1155,13.528733145492076,178566,0,326,47,13507,24,0
2958,23.687824264561918,95093,15,835,65,7378,48,0
11693,18.744113781650498,71952,3,328,56,42773,24,1
40112,16.308825961967905,56719,28,416,30,45755,36,1
39547,9.235560052331174,68737,37,431,59,35205,12,1
29795,20.920536607108822,127271,27,588,66,11571,48,1
22447,29.369246085510326,190608,21,535,20,37320,60,1
37598,25.640085622675375,165111,7,341,24,48853,60,1
42814,6.500204814725295,87839,31,459,60,30190,60,0
26215,14.405734459029777,67931,32,424,30,23580,60,1
10794,28.139575229756794,59925,12,559,54,36522,60,1
34209,17.576093688925535,199969,26,575,42,6265,60,1
23424,21.55279564520448,107745,17,512,40,44489,60,1
48246,27.81498363978476,146298,17,772,68,49310,48,1
38396,26.84486726049702,113709,12,730,64,6741,60,0
7370,17.545509388512773,62287,21,379,50,1837,60,1
10528,15.94115756644005,184084,13,527,22,17409,36,0
29276,13.492315461989678,127252,10,394,49,17042,48,0
45333,22.97548607907228,192855,38,723,47,17061,36,0
9179,12.174669986788581,129323,21,815,48,28986,24,1
49781,11.247190160772504,197563,35,464,30,20205,60,0
17843,13.906247365094503,32803,16,725,59,35143,12,1
24952,9.4303764219698,138819,31,341,22,49427,60,0
34160,22.377995398644185,113361,13,702,40,6859,60,0
45898,20.406016233265305,33698,28,715,18,45507,36,1
30516,17.07196335289609,185632,5,599,27,34356,24,1
11449,14.758144481538867,35376,3,354,67,20965,36,0
22125,27.726563572418286,33117,10,635,44,12854,48,0
8418,5.728094624727632,189028,39,729,25,33013,24,0
23746,24.227693587682477,68786,9,633,69,31654,24,1
3454,27.54773929372222,133005,27,705,20,41848,24,1
18761,16.158864485748147,86480,10,329,36,43171,36,1
16223,18.76726228676617,182767,34,834,68,23054,60,0
7701,28.61159219705095,152583,14,816,19,8192,60,0
3597,10.30693788213786,73233,7,520,66,2184,60,0
1141,18.003371194617124,131022,19,793,48,45206,60,1
3659,16.86802817820532,173574,20,552,65,36019,60,0
21980,11.459816196759252,112529,0,620,27,16281,48,1
10031,25.464830759327697,197561,28,338,33,5863,12,0
16037,27.490014869080895,120919,23,764,54,9702,24,0
47738,24.54831449470522,103533,29,710,37,36539,12,1
39429,9.88397402121521,183021,39,711,20,13536,48,0
7142,7.168715887534539,89407,34,791,52,42088,60,0
13109,20.136112132633556,93809,32,737,51,16077,48,1
23010,6.427369012747098,37229,19,778,38,25273,48,0
9787,21.820647213952107,178457,15,371,53,31052,12,0
43864,18.260605508181065,62176,8,519,49,2419,24,0
9472,21.56964331859159,114825,30,303,35,13518,36,1
24383,19.7542693412436,154332,16,589,51,7396,36,0
5249,15.567564238179319,117555,30,679,55,19012,24,0
48717,10.021929503505707,23145,22,654,20,40077,60,0
35518,12.642553395262214,117289,5,379,20,11981,48,1
19351,18.11251435547441,158874,29,365,44,33453,60,0
5088,21.296702341190148,22263,6,435,19,2756,48,1
16282,24.48707542211321,177985,39,698,20,5023,36,0
20330,24.179267961226522,77788,10,646,34,26418,24,1
43409,29.317218581527133,159227,33,358,63,21219,12,1
22778,12.146036216585236,151994,11,818,56,45326,12,0
25264,6.77776770533592,171744,26,536,55,18356,24,0
6075,13.641423388546482,189598,11,378,57,17094,36,0
11412,23.582361880601916,65344,12,414,36,37853,48,1
49454,15.95279127583238,142819,7,761,36,5646,12,0
29365,25.444710764735486,170086,15,425,61,46925,36,1
8230,18.733159129650375,93352,28,799,22,43927,24,0
49200,28.244793065762575,60324,34,401,22,11991,60,1
12002,28.69658604997672,114075,28,473,31,18978,36,1
14947,6.732612650468718,189770,30,751,44,17476,36,0
14686,16.41033599281061,97169,12,391,66,35723,60,1
30304,20.2422265312392,43384,11,684,65,24787,36,1
14074,11.396813520305319,23512,1,504,53,26157,12,0
5493,15.176919484474507,157138,32,662,57,48509,12,1
35228,21.942038527942458,182572,7,797,52,49092,12,0
15140,10.668355672459036,143775,39,836,38,44791,36,1
32655,20.049533824361312,98743,31,533,22,9635,36,1
44472,22.43619570410765,105642,37,315,41,14932,36,0
7816,7.262407777396669,149587,27,440,56,36911,24,1
12639,17.43823290068632,99858,14,719,67,40412,60,1
48192,11.57700074810477,74800,22,755,41,35765,36,1
47733,23.109658899951114,120364,23,599,57,37976,60,1
30492,9.738887713423512,22387,12,638,60,9946,48,1
12240,27.30594788845266,152871,20,602,63,19363,12,0
33698,15.773533412958173,139095,11,375,67,14387,24,0
27957,9.950075757688838,55548,12,615,30,3605,60,0
33808,15.950544908758234,184967,38,799,55,49573,12,1
6827,15.218594070213197,110450,22,374,62,49762,24,0
33762,15.722973987342757,125669,27,665,18,41405,12,1
9259,19.63903233743617,100171,13,845,60,9152,36,1
15849,18.02934312283844,191451,16,695,56,32898,36,0
17232,8.744428292022567,65414,23,530,27,35415,12,1
41572,6.639476816165908,93071,33,327,19,30343,24,1
25173,23.235386218163512,132808,21,774,33,45039,12,1
6374,18.992935898207836,98591,9,594,54,47477,48,1
22174,13.975019201981594,24297,7,726,33,47654,24,0
24567,25.208945562451845,129513,20,390,40,39441,24,1
36292,14.701461856523924,148668,36,414,43,31848,12,0
10277,24.899127240015186,106479,6,458,33,43394,60,1
32600,12.643903187809368,118752,25,557,44,3729,12,1
10885,6.821132438629993,156080,12,672,64,37199,60,0
1778,28.315992344998225,135481,15,389,58,31455,24,1
30165,14.86377823203433,167892,29,597,47,29812,36,1
2492,24.81731432123445,173325,30,330,50,1024,36,1
31462,11.978603330557611,180274,4,657,49,26228,12,1
14615,21.1591278030914,180308,31,769,26,39807,60,0
45900,26.832771831443207,87156,15,427,28,16921,12,0
43946,6.041100558499508,80263,8,569,54,32179,48,0
8851,25.765894117152232,138996,21,797,23,37359,12,1
17288,19.283325124298216,119252,39,712,47,32037,12,1
8156,20.18679384771423,138632,36,508,57,33275,12,0
3044,18.078950020149566,94855,13,605,32,36692,12,0
8368,26.86187758209106,36575,15,490,65,8872,60,1
20900,6.085833930890937,32204,19,656,47,25335,60,1
31600,11.525709788396203,31952,14,756,35,20607,60,1
47403,26.894063471478884,103323,25,748,29,34961,48,1
26634,23.8086425632989,184944,8,367,21,24466,48,1
10168,5.441129004465147,180448,0,766,33,15762,12,1
21961,17.925157080242716,162712,34,659,40,18930,60,1
45096,18.239317017816873,46437,19,686,28,4655,48,1
47087,15.022053378197759,147129,5,427,41,5019,36,1
24852,12.434833301549743,107681,9,784,39,36342,12,1
34110,22.043121260308553,27903,32,543,56,39314,24,1
33174,10.194761617618845,46863,15,318,32,19664,60,1
35215,24.97371405179265,63381,35,695,66,47445,12,1
27955,25.075929019186795,48548,5,528,32,48978,12,1
7581,15.381535939320512,31467,18,667,27,16924,24,0
45619,12.088700272741193,77954,30,357,45,46255,36,0
7317,12.09695453976783,43901,1,580,53,49662,48,1
43856,17.057283099905252,43301,17,401,34,22546,48,0
46714,22.989480618733968,144686,27,347,53,14830,24,1
27649,13.971717274846469,105180,3,358,39,12642,24,0
24132,20.251083636443788,89903,0,460,40,23086,48,1
17789,14.562111514564858,123955,15,402,46,49496,36,1
15567,12.613079728784584,167276,1,711,39,37947,36,0
15868,5.621487897894854,39755,35,482,28,47791,12,1
25370,5.0978526433847655,79817,0,716,53,30462,24,0
43533,10.68019194580011,22093,38,415,61,39140,24,1
31483,15.160157170024886,116319,22,698,46,45202,24,1
13466,26.281529184051507,42940,25,736,59,44329,48,0
29803,24.962106073260635,195112,10,617,49,32076,48,1
19230,11.679131564699748,188394,0,549,31,44782,48,0
18862,11.113511074607484,148714,10,746,35,43339,36,0
44355,10.683051776750686,111544,23,796,55,41358,48,0
32259,13.480933513221675,104437,9,642,54,22203,12,0
34539,17.454967989042135,112969,13,726,51,47939,48,1
22909,15.966694300789387,127001,13,539,62,44366,36,0
31795,10.456829969537344,107725,6,358,40,27856,24,1
9770,8.26128524859045,135784,22,826,49,46490,12,1
12093,5.314445312154884,130675,21,502,63,45642,36,0
47571,8.849080966662596,114266,35,765,20,9486,60,0
1193,22.633909254852956,29236,26,595,60,32158,24,0
35775,11.090964233639573,92597,1,586,39,14681,48,0
18569,16.715045253037744,154974,38,372,40,11701,36,0
12190,19.782528723081118,119656,18,822,21,15372,60,1
43752,27.17102257079018,54364,6,636,30,26611,36,1
33327,27.221377459835487,127071,11,617,49,5523,48,1
43070,23.643343342033976,114410,2,502,46,45793,36,1
21389,5.878924801212536,171168,4,530,57,20233,60,0
41197,19.37676047713537,163092,7,356,57,24955,36,0
3261,24.66458677078766,78473,13,719,62,3763,12,1
29369,5.43220111908408,64153,35,579,27,47524,12,0
27512,18.742115341414458,192349,6,604,30,46259,48,0
7716,26.444103644650735,58502,6,765,62,42621,60,0
22259,16.852551896056674,35675,31,473,34,19442,60,1
29933,5.102655072436211,175437,7,565,55,25882,60,1
42689,5.275333958390187,138384,11,546,19,2465,60,0
5378,15.415900935343764,98229,9,377,34,4451,60,0
41583,8.875216685418863,109049,13,552,61,16061,24,0
47546,21.61126642733149,109157,8,774,43,15,36,1
20835,22.71998162265385,125711,37,475,55,4410,60,0
30033,9.446994886515714,130090,29,720,54,18964,12,0
25000,27.21333221311212,113321,4,760,22,5135,36,0
46496,16.04769612447315,46465,0,553,42,48592,48,1
11332,8.571147689798092,52286,0,819,26,7948,48,0
43604,24.106289951734887,74795,19,406,45,4789,60,0
3800,24.74936250041932,191250,10,470,39,41028,24,0
30538,20.982386816636435,128139,25,357,46,8602,24,0
31119,26.33663883006383,123845,2,636,52,7232,36,1
9333,23.434324300766782,69986,5,641,37,43819,24,0
6410,27.055143430674764,194273,10,589,22,47950,48,1
18839,15.847201212136987,194387,7,383,56,4835,60,1
31519,23.689928202486062,95396,28,416,61,26066,12,0
6808,29.99378908572611,75178,9,833,49,28381,48,0
7796,23.123279937990482,30745,33,518,56,36111,48,1
22180,7.854594505928304,99637,23,401,27,10769,36,0
44056,17.957968060729574,156100,16,755,57,16656,24,1
18709,19.6836947810757,68566,31,825,34,819,12,0
18543,9.355266876784775,63722,10,565,54,35383,12,0
38418,29.07229085445094,106623,33,586,32,13148,24,1
30075,9.389494440865407,131074,23,440,26,6069,60,0
38755,9.43894799283057,94974,4,705,49,5640,24,0
48968,27.879178449363874,104084,28,592,40,36752,60,1
38465,16.630135828041777,190951,33,330,28,21274,12,1
31502,6.5797069818629055,175839,15,470,30,7701,36,0
17724,19.954687498463215,137353,24,654,35,19365,48,1
4828,20.045658715826196,124417,36,504,66,3039,12,1
18087,6.6125189671640445,88099,7,777,26,31915,12,0
13605,29.31306239084155,199729,28,590,59,43642,12,0
32337,18.600749132364392,159570,24,410,22,49754,48,1
6482,18.994893054494106,45107,22,367,60,47839,60,1
28005,18.002885362559862,179865,33,672,39,44897,36,0
23760,20.268294491115498,153768,2,495,49,46889,36,1
6463,11.607493819343873,73839,29,425,64,45422,36,1
47628,12.18103369937102,109241,33,561,19,41215,60,0
5912,17.783477244903317,43397,31,454,38,2487,24,0
5648,25.16714636908949,27704,28,407,45,34126,24,1
34623,6.246614412354472,36442,8,722,69,27058,36,1
36634,20.085105305506147,149576,1,334,41,49841,12,1
45602,25.16945356265785,29765,38,343,41,28108,12,1
4112,8.92293180093068,135828,6,715,31,8499,48,1
23054,5.375563549514157,30002,4,584,54,6131,24,0
5492,12.817832378536451,31390,7,746,44,35934,12,0
23207,19.703592668239956,195508,31,817,41,24984,36,1
16114,8.457079335118692,26641,17,326,23,825,48,1
35285,15.653059274312138,184781,37,526,43,1191,24,0
17018,18.808037434356947,131119,17,724,32,43094,48,0
22386,19.97207736893293,190381,15,667,46,14707,12,1
18740,11.860293025009378,35624,20,609,53,39553,36,0
45199,15.000740899657284,29966,9,404,27,28769,36,1
9210,24.45848072668897,185261,3,317,45,6813,36,0
45363,28.530367353017137,91301,7,504,68,26350,12,0
46639,26.54700827795643,135123,18,342,26,22025,60,0
13743,19.107087543335798,168295,39,388,38,28992,36,0
43092,15.257320073598663,98183,39,456,27,16917,60,1
45299,13.323915359285456,24959,8,565,21,43827,36,1
7588,8.12391415210045,178329,29,433,21,22894,60,0
4311,7.663781180402824,70802,16,763,23,33975,24,0
23432,22.208940622841443,144125,39,431,43,24992,24,0
34755,11.49486040427901,143795,14,333,57,43736,36,0
4321,11.36654216081117,47215,3,382,33,1237,48,1
16812,29.954876361944642,75046,5,431,25,4943,48,1
38383,9.698148946844885,114593,15,727,45,26519,12,0
49280,8.701493987220742,185166,25,503,33,26756,24,1
14146,7.4671306939980155,189741,36,635,55,43060,24,1
14654,19.495133629169906,187198,22,796,66,21220,48,1
36820,20.696595650052537,99036,12,741,18,47798,36,0
1726,14.13069815642205,129864,16,557,36,28694,12,0
4760,18.385333387786694,140333,26,591,67,48233,24,0
23190,24.709988273622812,36772,21,424,34,28250,12,1
2875,25.45260420804371,199658,36,474,66,13942,24,0
24377,28.947801892891206,71943,18,791,45,33227,60,1
47737,25.606699648071864,88868,38,379,61,41609,60,1
5033,19.121035917935664,69855,34,604,29,12769,12,1
39211,9.49142414592115,173290,12,809,23,16503,48,1
18373,7.49408894257106,121124,13,643,24,10447,48,0
4744,6.36279724777148,77205,30,390,25,8509,24,0
25995,21.663145794634595,156031,1,468,20,22865,60,1
17977,25.18840638494983,196206,38,633,66,16134,60,0
33402,17.717098767101973,45874,36,535,38,16201,12,0
35542,6.367854370840998,151007,13,698,25,41353,12,1
11651,18.386764364783453,21301,8,776,45,18936,48,0
34703,28.39373153811376,78017,9,834,47,13258,48,1
14395,19.94032977331151,63319,6,387,49,21762,48,1
30808,25.235687211570372,42455,27,552,28,3228,36,1
37576,25.003816209793765,155184,24,657,37,49228,60,0
17715,28.30322749451632,77033,27,357,67,3410,60,0
45409,24.255719141246832,183217,1,698,33,408,12,0
25306,23.69251285032724,126924,16,820,42,47497,60,1
20086,10.852566624266014,52735,3,824,62,5773,12,0
15376,6.498128883027036,92781,12,716,26,36765,36,0
6889,17.939986626345195,146031,17,692,68,40075,48,0
38822,8.11085519866888,148305,2,521,56,9179,36,1
37636,29.054896906949782,128049,36,628,66,5617,48,0
21584,12.248119065825716,172783,32,671,57,2701,48,0
35610,26.323605084607326,25630,23,810,57,3907,12,1
11058,14.690615630061483,85488,7,452,20,13841,48,0
10101,13.079856246434435,154278,34,779,33,25330,36,0
13497,28.37896430941553,76289,1,319,29,49827,24,1
5658,14.0830643021556,38953,32,527,32,13407,12,0
12381,14.75719771657841,120932,11,645,21,48091,48,1
41312,7.6522944903227295,161140,21,318,40,32199,48,0
41486,21.761166632062732,98930,12,743,44,26286,60,0
47619,12.220985361937837,21067,9,667,56,19859,12,1
18154,19.640104195987682,70658,16,446,60,6816,12,1
20539,19.783792601330237,72165,4,803,54,49693,36,1
12777,22.979992389894175,100781,8,729,30,16548,24,1
35396,23.63103715431103,160931,12,739,60,26831,36,0
31373,17.861310860038486,49164,22,497,54,17368,36,0
34154,13.274798690085076,124946,29,586,57,19045,36,1
7031,25.93627237086835,147580,3,668,38,33385,24,0
28997,12.746641235212117,119251,20,539,46,12105,36,0
7439,17.687727361733288,40773,8,586,46,24644,12,1
23785,15.0313145800932,53939,6,694,66,5639,24,1
14392,26.376959649242202,199671,15,817,28,30330,48,0
29669,15.79796327864572,157186,22,359,68,11616,60,1
29939,14.652479720937107,118475,22,844,67,20580,60,0
3282,22.245592322440935,32818,30,602,45,32768,12,1
35624,20.06102774653607,29335,4,543,27,26974,60,0
49438,7.681170837396152,75008,5,506,22,45373,60,1
25364,17.704220158599078,91745,0,674,42,47726,60,0
2998,23.38695970833119,194220,27,582,50,30550,48,0
32705,29.801869114783905,23577,17,777,34,47612,60,0
39244,20.72867084925798,93916,23,321,66,24761,36,1
10428,14.257326661032945,155148,12,648,50,10701,12,1
38437,10.65378999505296,183997,32,788,42,20822,12,0
13336,26.820755853833006,79314,9,557,50,14970,12,0
10342,25.36413030283757,61205,6,346,26,21192,48,1
40832,10.848070519484622,162167,36,326,44,35847,48,1
8446,10.015802253664337,133583,31,326,42,23103,60,0
39392,22.87841942027939,104715,21,696,21,49534,36,0
8461,12.873801547968988,76680,15,444,26,28857,60,1
35587,12.659969959048945,48400,23,821,63,43646,12,0
11516,8.807256176691382,127345,13,420,32,17311,36,1
14749,11.599387992745747,107110,10,761,33,21443,12,0
18514,15.687688939816239,140120,18,681,33,16944,36,0
36426,23.32095843181039,48562,22,717,30,33957,24,1
37268,13.407702360343745,191735,33,626,31,14974,48,0
25950,13.215108486996067,38510,39,690,39,46984,48,0
35888,12.122831313810895,81608,12,596,38,46893,12,0
37788,16.957091687776074,72182,38,383,26,35136,12,0
11213,9.515917448532882,46883,27,445,58,26314,24,0
37027,17.14076835080314,186916,39,470,21,29852,60,1
29011,22.604388904867246,169800,15,633,27,4953,36,1
43849,5.744762600815554,31094,27,723,52,24282,24,1
35591,5.244484507644047,153479,3,608,26,11237,24,0
18858,6.878072753862731,32644,27,825,68,37148,12,1
19626,18.3915015432028,105834,11,646,65,28448,12,0
14467,26.361377079635087,128982,15,601,33,31771,60,1
40758,5.122111650506299,72748,35,646,66,45721,60,0
4134,28.416532614617026,79021,19,707,35,2588,12,1
17743,7.656962789263395,82651,25,432,27,14815,48,1
16434,26.049588201455656,56807,25,405,38,6356,60,1
48775,17.07136912457367,185144,21,470,68,20069,24,1
11233,21.4839346819711,189470,8,549,32,41889,12,1
2141,17.76707461117956,48669,4,843,32,14695,36,1
19019,16.926205629483867,181233,16,561,28,20783,36,0
21384,25.872485709109785,158354,33,793,57,1403,48,1
43903,23.89715948919541,46539,1,543,65,41159,12,0
46734,17.085055913075102,154379,6,750,59,28327,24,0
37129,7.79089823490154,37745,35,589,58,2285,48,0
23967,7.885073982860203,190505,12,562,64,8862,24,0
41603,25.038486517976885,54555,19,613,54,1728,36,0
12172,18.234765533688336,152145,29,384,37,11430,24,1
17390,17.039728505484064,52683,29,714,51,34017,36,1
4267,22.014171034017878,45741,10,628,39,33646,60,1
40332,26.471039585356507,173358,30,344,65,28922,36,1
27167,20.72182861033263,23599,2,632,35,11543,36,1
22312,24.071197558661975,148513,1,764,33,49649,48,1
28840,24.131763102923923,47293,2,499,22,26563,48,1
19990,13.906536219823977,35389,14,500,18,25553,12,0
45179,11.852079891024893,32318,16,628,36,48860,12,1
6906,25.029101679378964,199947,6,539,27,40470,36,1
49796,14.429469794606089,23055,4,658,38,7578,60,1
41379,27.58340016306763,141164,33,659,30,21263,12,1
18297,6.7422674182529905,102579,32,677,41,10668,36,0
3011,6.455437801883491,157392,15,684,40,16922,48,0
45014,28.175104002535207,124817,36,764,40,12232,12,0
47558,21.21137285453587,24642,2,521,28,9092,12,0
12738,14.489983911208308,29321,20,664,64,34234,36,1
29797,23.87651037040457,99968,7,371,19,43975,36,1
48498,21.80817024984103,122770,21,539,23,40482,24,1
12120,18.280026170489904,177116,4,803,28,18117,24,1
9767,7.471833566566284,173043,16,713,32,33258,60,0
23852,25.30448968231879,129762,36,426,26,31190,12,1
14703,26.650579767015618,134183,13,786,29,23095,24,0
1929,9.304217213816226,137159,38,826,53,18302,36,0
12951,26.262791299426667,45727,27,547,45,10226,12,0
27039,26.946182775414105,173631,30,781,40,40934,24,0
49613,18.7357153072129,93820,16,611,44,10903,60,0
30504,21.404475905567175,129062,34,743,41,22409,60,0
18438,14.555933000362286,47476,39,582,31,42446,60,0
49515,12.04479118773165,162063,21,301,52,14885,60,1
6744,23.04957867379112,140355,28,373,44,6099,36,0
19284,26.546878725395207,90047,9,363,38,26076,60,1
43417,21.35193882389369,161868,17,646,66,49349,48,1
40748,17.78976526616373,23881,34,623,30,42927,60,0
8069,8.973119171104289,35668,15,538,25,46578,24,0
43359,6.336467815120454,185384,6,696,61,9726,12,1
20799,16.14229475616866,48106,29,636,61,9540,24,1
34210,6.233739092435532,35729,18,640,61,8102,12,0
29226,19.233365797680626,149354,22,578,51,12754,36,1
5652,14.568229782944282,90320,7,652,59,36612,12,1
25323,23.929727992049237,74913,16,762,40,33363,48,0
43138,12.641212420904587,79402,20,761,26,8330,60,1
8597,19.824567524185802,141649,25,592,18,241,24,0
48093,18.44208804387751,123930,27,706,53,18747,12,0
38226,5.117810638056029,188354,38,461,63,47770,24,1
7591,6.809734956607759,189290,32,802,33,49884,60,1
26833,12.259205312150513,169022,39,747,42,134,36,1
12826,27.055877025519127,79739,18,754,35,27835,60,1
27417,8.675373872494465,24507,28,564,51,20145,36,1
19693,22.772358261513542,197375,19,431,55,35394,24,0
15138,29.334164153807183,122552,19,419,20,43084,36,1
3169,24.764188817278878,99059,9,518,37,31119,36,0
19556,11.0736340421761,175739,11,716,36,31093,36,1
23052,27.70913151032704,155064,32,804,30,7179,36,0
7313,7.327678912709752,150514,24,599,34,34278,36,1
9315,16.703548546768396,107680,24,408,31,45813,12,0
9036,27.188547693160345,45530,3,537,47,19180,36,0
32778,21.031642731421744,35305,3,592,39,6907,36,1
28734,15.34111411819247,129097,8,486,60,37280,60,1
24173,12.32032166842922,72044,14,335,65,37070,60,0
31403,14.377485132958748,150436,25,555,60,43728,60,1
1785,17.723544525232157,109363,14,734,46,4406,36,0
7139,12.976098246820184,78817,25,307,67,30003,60,0
7344,29.224196552057492,123038,27,477,19,19748,12,1
19800,28.32694132665363,66666,6,541,25,23152,24,1
26372,26.76678670535802,177245,31,340,31,9591,60,1
21538,15.545745888066335,38909,11,656,51,9742,60,0
15973,22.282544233380722,182079,34,412,30,3411,12,0
6619,27.570732675899116,164057,31,465,27,16466,48,1
35704,26.2607371919732,42525,8,803,25,38464,48,1
37575,15.358175350505192,132293,13,377,24,46531,12,1
40919,7.809651233056518,121046,12,495,30,29698,60,1
43261,6.890759095863737,57403,32,701,43,43880,24,1
46123,19.426601130642567,188265,31,363,49,10475,60,0
28716,21.06569838027329,154902,18,724,36,31108,12,0
4236,26.246065114925603,151605,29,341,32,18824,12,1
16848,12.312875508525776,172018,15,672,19,5760,36,0
3352,9.186762263751062,43504,11,605,54,18166,12,0
2932,14.475145829454986,130551,9,508,36,47133,36,0
11913,13.839378090806877,75715,1,766,50,46662,12,1
9556,8.311723850446368,179327,17,603,56,31891,36,0
22300,21.807066312828802,56855,12,691,67,25180,36,1
6498,17.7172985182344,61721,28,452,50,39194,60,0
11582,23.02806890286916,131597,23,661,18,16088,36,0
47633,13.817278004243366,192922,37,563,56,12525,48,0
10569,13.142555289442557,120659,11,515,45,40674,12,1
5857,16.814396326096393,54723,28,842,34,8922,24,0
1340,26.935183634878676,186811,21,823,23,14282,12,1
44949,6.007032668349508,25539,35,493,69,34846,60,1
17766,25.1208204324118,136360,0,326,61,17361,60,1
27132,14.224690316443912,121140,39,345,37,29586,36,1
9491,26.365475644711942,172383,33,357,64,40561,60,1
1138,25.055075220896413,89180,33,312,30,1637,60,1
1358,13.71903118490221,136985,32,348,29,13916,12,1
10714,22.3469133830404,105981,3,393,47,30926,48,1
20840,8.990818919336004,55934,37,750,38,42941,48,1
35395,27.4070388040947,160583,29,678,19,19684,36,1
31654,15.112276611297736,151255,19,309,35,36772,60,0
26879,16.390640383880005,29475,25,815,45,16966,60,1
16996,22.643976275924622,79577,14,523,21,48469,48,1
38772,25.521005917621274,46008,6,680,59,25035,36,1
27762,10.90856858320524,199013,6,840,60,10168,60,1
14283,21.533753496924884,62756,28,601,23,8475,36,0
40420,14.799951097228712,100730,22,502,55,27473,12,0
20554,14.217573100099033,178984,33,495,26,35166,60,0
21219,22.250645598516368,102702,19,621,37,34006,60,1
35919,14.679581853898359,66840,14,717,62,3466,60,1
10429,13.652712504110191,58623,32,641,47,21902,48,0
47840,25.89721020315606,83303,16,688,54,5363,48,1
45695,7.531903095775159,66062,19,308,55,35934,60,1
40673,21.897315570755268,76690,12,831,21,33547,60,1
20218,11.218134844765615,118980,23,448,55,2134,12,0
13452,5.3874560456547576,174706,36,682,67,41379,12,0
49980,9.1691067218173,155162,6,828,30,26402,36,1
19951,20.166538244396694,65266,7,311,52,27714,36,1
2307,22.728179787148434,181080,22,775,47,20073,48,0
15852,5.526444588908001,107643,13,352,59,14583,24,0
26232,5.910636082543004,78704,3,735,21,37723,12,0
36428,27.563552871073828,137374,20,505,42,41166,36,1
44171,6.832645452842996,28382,9,353,48,23756,12,1
27485,27.354553965414283,198846,21,789,64,19774,12,1
11238,10.704147843772645,109609,29,643,29,23634,24,0
39975,23.50044500395532,66698,29,468,32,31143,12,0
2140,12.743331223650301,21110,15,460,43,7249,24,0
25842,26.468800640229595,135266,10,826,27,44830,24,0
27421,22.511371635608945,151458,21,826,29,31268,12,0
2708,15.045336465042379,67801,28,586,39,3796,12,0
4630,6.907561354351989,134012,24,711,57,18918,36,0
20595,23.317504596770178,116085,13,821,38,18564,12,1
11485,20.422118899129536,51566,13,498,52,30712,12,1
29308,5.072792945844719,183593,1,460,24,28786,12,1
45789,5.235496399311133,43798,12,688,35,15312,36,1
27086,25.21982432981735,164637,2,773,44,25973,24,1
17859,11.484993470046346,43027,29,680,52,13207,36,0
8684,20.90334169320164,25631,17,423,64,1446,12,0
26552,16.355360494131187,76878,35,371,19,951,60,1
2207,26.58575036304418,65206,20,467,49,1717,12,0
47099,27.924027827562217,123473,18,583,32,38681,36,1
2960,29.92019281697135,78334,15,793,62,11390,36,0
1557,8.842103395181171,92323,27,335,41,21194,48,0
30689,26.574101161886887,73619,3,474,37,15477,60,1
49651,11.650534418220044,123536,14,498,27,17980,36,1
14893,19.770396872387693,177947,0,415,41,30950,24,1
33272,17.644320846730274,175586,15,614,41,6594,12,1
1882,5.449703289309691,173652,19,519,41,44693,24,0
38529,28.319281997652368,155360,32,433,57,19600,36,0
39635,6.958176378730461,26734,16,421,65,9098,36,0
30535,22.205472985193396,59008,4,720,65,11942,24,1
13869,24.625170905206552,69349,4,791,51,14012,24,0
8166,24.882196226192107,158886,38,588,58,30702,48,0
13982,8.38736297322112,194226,12,352,57,45018,12,1
41697,16.1892487626993,158923,35,504,28,48176,24,1
39115,25.735721760849497,144478,29,647,43,10346,12,1
8269,12.566980259468867,152672,3,350,18,14428,60,0
29064,16.693716884366587,76614,22,339,47,5755,36,1
14527,11.819847317496144,23692,20,549,60,45884,24,0
3454,16.588785447133105,146745,20,517,35,6283,60,0
21878,27.195948064822,40373,5,478,43,49036,36,1
13991,16.378105775819236,132413,23,482,64,1337,48,0
3808,18.89780042685801,34507,30,463,26,43455,36,1
40410,15.09940708257709,82931,18,676,26,20857,24,1
37593,16.502929580083137,95499,37,796,18,24936,60,1
37304,5.379354976160543,134362,11,760,24,39594,60,0
31386,12.0936377490114,117449,13,773,61,27640,60,0
49077,15.91454304354561,116819,11,336,59,38435,36,1
4802,20.844924399818222,59423,14,618,68,45697,12,1
29753,16.251298263847303,123612,18,711,33,16214,12,0
22083,13.4454260830391,106120,27,655,55,41532,36,0
19354,14.702468383603929,137409,39,528,28,26531,24,0
23190,11.057333230011663,110918,4,563,68,8013,36,0
7142,28.112357069351322,86600,4,786,42,35812,12,0
29398,18.043580644772867,61848,5,651,46,5018,36,1
42862,5.335236346803078,26820,22,741,36,18617,60,0
34132,5.486156460488665,28512,2,758,35,27868,24,1
20503,29.32404087380104,187797,36,324,64,40235,24,1
49456,10.536272284331126,71534,32,430,46,42774,48,0
35631,25.140207220357865,145191,20,669,33,31090,36,1
17499,6.456882539014362,190848,19,735,63,36809,60,0
40852,28.029068417363728,80945,0,523,57,1889,36,0
9016,26.86042509166696,103420,38,651,25,24060,48,1
3384,19.27732906086287,198527,16,784,51,10091,48,0
16072,5.224966432081394,103488,28,496,23,46283,36,0
37703,11.445271850583438,29711,7,408,62,19039,36,1
46895,15.170566184961624,106009,25,519,62,43289,36,0
15482,16.501602918689045,29597,27,618,47,3718,12,0
41510,12.441968964059301,80067,33,381,61,21919,48,1
49933,5.823696706138249,68022,25,836,51,42016,24,1
22826,19.753185148163553,132673,12,731,38,9698,12,1
3490,18.103866692368896,169854,36,307,69,47251,60,1
47092,12.075015885726943,71782,12,448,29,34398,24,0
26518,5.949399189240163,130716,37,397,66,21444,24,0
25045,29.864854680548504,138030,24,400,23,17375,24,1
27910,17.049654670660146,92036,22,666,56,48051,48,0
25566,23.90010604435193,55342,21,761,23,37358,60,0
34905,16.30785087628339,105745,20,713,21,6866,12,1
28103,6.079257271573536,172049,29,558,26,28544,60,0
37188,12.740018627137502,77396,10,655,22,41990,12,1
6845,13.00275352514753,134836,3,310,27,4921,48,0
22162,25.9588226012254,126998,32,715,64,46113,60,0
37674,21.35574944999686,70021,11,549,25,41522,24,0
20337,11.88574759098682,150672,8,849,40,32759,60,0
23313,29.19349886647715,138559,31,421,21,22665,48,1
27943,13.038545809946784,86836,10,364,54,24942,48,0
13413,29.95585064571801,178147,36,601,24,6249,48,1
1276,29.90409232925658,181874,23,424,23,793,12,1
18611,9.780262943668545,97017,6,611,62,27679,60,1
40105,12.818527904710004,122689,7,490,68,13993,24,1
12944,17.151104962116356,100291,32,749,59,33754,24,0
16906,21.602516778697275,110450,24,458,32,25533,36,0
21536,18.201186225094983,186664,0,652,52,3595,48,0
28810,29.23603672830642,76006,2,562,67,48295,24,1
13306,23.099729105892287,177341,39,705,49,47181,48,1
11503,10.30112123457436,124268,27,316,31,2256,24,0
20225,7.6274387553409575,70138,32,559,52,12101,60,0
37976,22.21003226773392,82398,0,654,28,46490,36,0
12590,8.961311004519075,170946,37,788,27,29408,48,1
11886,24.691921008393855,77228,26,513,34,30946,12,1
13866,12.775916681508424,82670,37,538,30,43182,12,0
2088,13.172331576390162,145613,34,479,51,36944,24,0
4363,5.2699598097377995,122071,9,718,62,7961,60,0
33792,22.525281677376018,130572,11,442,68,15416,48,1
10764,7.831743826617145,158997,9,616,22,38022,36,1
21620,24.322014436587953,23107,33,543,65,8429,60,0
43727,17.29669554793017,106388,23,531,27,13783,24,1
13935,24.606995373864226,115719,27,602,49,24290,60,1
9068,19.59816347994353,138018,21,630,29,45685,36,0
8295,7.060831800474769,47617,15,547,69,34500,60,0
42160,24.141308417629578,94258,12,582,30,48243,48,1
12390,6.744987122368744,70075,35,586,38,44021,24,0
42216,16.967543014233307,146998,35,331,65,33582,36,1
21131,9.308730353624082,42631,22,799,50,29285,24,0
30218,23.808379449447123,143120,13,829,58,39803,48,1
11433,27.789780695153166,117158,31,680,65,1186,36,1
16038,18.853154083956856,158955,2,362,68,18609,36,1
29182,18.178682357479513,170780,26,427,64,9176,24,1
12528,24.09907990814045,66221,18,827,67,25373,60,0
22281,5.12697032439318,168269,21,462,49,31955,60,0
49511,27.943966065879017,172206,0,550,29,21557,12,1
9605,9.936220427278293,125922,4,594,63,28738,12,0
35782,29.602972095655932,53550,32,478,52,25119,36,1
2381,23.406348699011556,34642,18,528,53,16903,24,0
2098,24.356278692516778,171511,35,693,55,10738,36,0
20810,21.405074509340164,126093,5,695,65,5041,24,0
25322,16.791579569629008,175655,14,371,45,23254,48,0
42869,19.29069233402914,113885,35,617,30,40527,12,0
33955,6.1600721503781415,99538,32,678,29,9250,36,0
45716,20.598987735800357,82014,23,435,39,26812,48,1
11207,20.65245254967617,39523,26,677,61,25688,60,0
22793,27.280019935045235,130285,10,418,19,19790,12,1
3092,17.641408935755486,125879,22,829,46,946,24,1
29220,6.9286093521515255,110629,32,822,30,36798,60,1
19514,12.65489801205203,96830,28,686,52,8327,60,0
39010,21.390735302857937,65538,30,568,30,49944,48,1
9549,10.981471568786597,67310,0,823,51,1136,36,0
23031,12.013195546385024,161980,33,846,36,31915,36,0
6185,25.511725409021338,135266,17,785,26,25938,48,0
16271,19.607993294067725,32699,17,737,69,554,60,0
6776,17.713185794339314,86912,5,410,48,23421,12,0
13449,12.961299170145109,165327,39,621,50,13233,60,0
25297,23.273200898325832,99183,0,826,44,30893,48,1
41591,12.192960862250732,80282,29,476,62,36171,60,1
16717,23.42658794110438,78249,3,837,19,18638,60,0
41123,6.75253700668605,58176,31,772,32,948,60,1
40233,26.61353353955209,28163,9,687,36,32702,60,1
46505,17.489161584398317,74210,4,397,48,41063,12,1
47092,15.96270041747425,143844,8,710,33,24193,24,0
11350,20.275585288548115,124587,4,674,60,7207,24,1
31622,20.604801822406763,91979,10,469,32,9238,36,0
36323,8.300879422249889,98860,34,355,23,7419,24,0
3951,23.90583974540533,172215,26,624,31,20410,24,0
18622,11.898207448751574,24920,3,559,44,5956,24,0
5727,27.62404700424785,102911,9,639,55,14625,60,0
39454,25.44626658537081,57996,38,703,36,23753,60,0
37469,13.656651038368713,162820,32,831,54,7322,12,0
36548,25.19348233001786,114071,37,473,60,2614,60,0
24782,13.909762482497605,67252,7,837,21,48233,60,0
29454,7.5236920409010155,142734,23,459,43,44291,24,1
3368,29.0472059681427,157522,38,309,26,25539,12,1
16592,21.315050380386,72756,32,555,58,3271,12,0
23173,16.402488166564794,70235,18,643,66,9029,24,0
34204,14.94433378827599,110546,1,835,57,5678,24,1
36596,13.117633356456599,151092,10,672,32,19572,12,1
35324,29.536189885728234,145802,34,734,58,47989,48,1
47132,8.368681628272686,128421,16,345,54,29095,24,0
24864,12.870126473014208,160736,2,354,21,15571,24,0
48829,17.137441007066588,86635,21,377,43,43162,12,1
31750,16.949988626357786,43225,34,790,69,19718,48,0
11576,16.784162110196085,126885,20,571,35,15866,48,0
17566,9.394595395759545,105333,24,849,58,2198,36,0
8190,8.623313177737515,191297,38,410,52,9407,48,1
24071,11.369189658215502,30807,1,314,58,9072,24,0
39333,27.8631538450514,26402,0,377,58,17138,60,0
16369,7.826324195862753,24521,6,800,46,5217,12,0
25035,23.93562758433312,134693,19,717,41,31260,24,0
2589,23.938709828334282,28382,5,574,21,41660,12,1
26235,25.244260097431557,130996,35,793,38,10411,48,0
1159,27.165387224733887,35065,20,496,56,33138,12,0
13145,11.575904438473257,105470,34,675,24,34500,24,1
16373,10.61398673172241,34425,35,362,40,48282,60,1
32921,16.637641663186994,33111,7,660,57,5259,24,0
40323,11.627229218800903,191871,3,843,38,29584,36,0
17237,23.357749724577687,73257,15,409,18,14116,12,1
42971,20.89848941853584,143990,2,493,58,49953,24,1
9244,26.874692201316286,147813,6,818,42,22783,48,0
15743,7.068457587176789,101046,1,758,48,41949,48,0
32566,27.87708333395187,57851,0,600,61,21155,24,1
47101,12.333715666752239,28816,0,795,55,32389,36,0
47109,17.2673586481746,22175,37,448,62,33183,12,1
19691,15.965285898491093,31341,6,760,22,31048,36,1
34996,24.007791277610597,83908,23,438,48,32121,60,1
6590,15.508332735796063,176726,4,591,68,27541,24,0
6585,28.588828641235235,79696,20,634,18,36105,36,1
10227,27.563347065964386,103115,27,483,47,21642,60,1
29278,26.804028799237663,50194,17,606,35,40795,36,1
39814,6.781458316205697,185909,23,561,25,37825,60,0
13237,26.356451538848486,104358,31,609,43,39735,48,0
16649,24.540886136080264,192648,32,643,57,34388,48,1
38713,7.587823675153276,122548,9,723,32,28920,24,1
8927,7.685358135905547,170799,8,813,36,40761,36,0
46409,7.52909528793853,54579,32,823,27,31027,48,0
49766,5.283314830112189,116554,32,560,41,30480,12,1
47154,18.715857629864587,167627,6,661,33,7386,48,1
8016,29.334857285901084,73294,3,468,60,37661,48,1
15027,15.967117572494839,69777,27,499,48,21480,36,0
49688,18.51893754718391,156978,22,684,61,37624,60,1
25142,29.199244919248887,60751,31,611,33,3655,12,0
47520,11.379555719355768,128750,15,611,33,24868,12,0
24545,26.461756314956574,94180,9,694,45,49028,60,1
32897,18.659761680293403,51644,13,650,37,31129,36,0
4167,19.236912866575267,53521,38,327,52,16463,48,1
45757,13.579346430182088,31564,35,432,26,30080,60,1
27917,19.039609024172705,125155,33,679,57,45192,12,0
23736,6.828562736957098,178371,23,827,27,4308,12,1
28990,24.116089315352806,199030,17,586,62,18246,48,0
15087,12.117194038606792,164493,15,583,35,33386,48,0
23440,27.190208237348873,108747,36,526,62,11470,24,1
36205,14.196267365186461,31202,24,726,62,48260,60,0
16275,8.570602762172065,129407,7,326,32,40882,48,1
6276,22.397039359212123,193257,23,631,62,12188,24,1
42627,9.114453617837572,154757,19,416,47,10669,36,1
41586,23.84201288857476,110197,29,388,65,11443,12,1
38496,29.202805910152914,62637,19,421,49,19629,60,1
20008,24.488821719881543,169438,17,332,57,26954,36,1
6738,5.5612312107831166,44276,3,697,44,7235,60,0
33402,19.997144701319367,100946,35,824,44,9914,60,1
6793,22.385266774243107,199311,5,323,36,42849,48,1
38291,25.63645814490713,95214,2,624,27,28547,24,1
6571,6.400057723475004,175647,17,333,61,48435,60,1
32331,17.00269569880716,192473,39,546,63,11593,36,0
17209,18.384271815959856,61230,17,318,23,40928,60,1
49014,9.228121566104452,144086,22,329,41,27885,24,0
26394,13.06124524276624,149526,34,348,26,9291,12,1
44148,16.00554315640413,174093,5,479,44,44978,60,1
26682,25.830242198945037,160521,25,669,24,4132,36,1
3224,28.235189151755172,166729,20,694,23,31683,12,0
42157,20.710570722941824,55059,23,795,50,844,12,1
49695,14.873629650536554,21532,14,730,38,31869,48,1
45452,11.350775444974648,122666,26,506,63,31516,48,1
44408,29.55337961090376,101551,31,334,55,34411,60,1
33441,29.57549995190896,188828,11,712,61,34031,36,1
42430,28.12442370587587,91880,4,663,34,35702,48,1
40129,24.641728746945482,126734,6,609,48,22523,24,0
35716,13.144488593640457,133997,21,578,54,39942,24,0
45859,25.425012087440766,185278,26,451,28,32983,12,0
27586,15.219825431779315,72168,14,526,45,4776,12,0
45760,13.169327453876129,133123,38,542,22,18724,12,0
24478,23.62163396165699,175622,34,309,29,14100,24,0
7318,6.991348190510572,157461,25,691,20,42467,48,0
29694,6.214068082391542,107897,22,347,58,33884,48,1
21180,16.19884242952964,186919,12,503,55,40518,60,1
13180,16.140970020554047,124599,25,456,19,46348,36,1
34002,27.391103826595874,99239,2,325,43,13932,24,0
16372,8.15382740719542,38642,28,720,19,43700,12,0
30796,8.08209818631032,126862,1,563,29,21718,36,0
25427,8.68631501187253,56509,27,828,57,46014,12,1
34290,5.743406532365065,99417,22,769,19,19640,36,0
29099,6.79329344537271,69237,35,553,58,42108,36,1
46486,21.496746670725976,166486,5,845,33,19560,48,0
10821,15.78960822793773,83176,10,446,47,6380,60,0
6832,24.09007667720034,148633,37,625,64,47756,60,1
13820,29.814942964541505,99865,33,637,63,28829,12,0
17211,21.475867027475033,137181,16,417,69,48601,24,1
40890,6.261389265503094,82059,2,464,53,29579,60,1
6842,7.614071618858538,69150,33,849,21,30200,24,0
2316,27.025102120367695,108367,21,497,28,19729,12,1
46968,18.18739861395654,61091,28,673,41,28537,24,0
18508,25.6209289848935,20903,28,428,35,42100,36,1
23005,26.41530840562315,74235,4,713,44,24125,36,0
16206,28.19186353748798,75342,9,679,54,5655,12,0
19971,28.745730137159143,193795,9,300,19,2448,24,0
26599,18.870644912582655,55572,8,466,32,14185,24,0
23056,13.525504306400848,37610,20,315,28,17211,12,1
2378,29.046621858699964,54052,12,411,44,22280,60,0
2519,18.685160150030633,118993,9,667,66,33971,48,0
23161,6.6063180738652765,107063,37,401,65,39387,60,0
41703,21.069413751496626,188622,10,705,64,6798,48,0
39861,19.69211875987527,180083,3,806,40,17228,24,0
6355,27.39482182236765,185836,30,339,52,35739,48,1
10083,21.32967972894531,117540,33,847,69,34036,48,1
39342,13.726310611538784,73533,34,680,47,48720,24,0
21456,29.15564314264551,175136,38,815,64,29309,36,1
14324,25.040487149550838,143989,38,796,41,4744,48,1
3257,20.76044045953386,140388,32,580,36,40503,12,0
28364,12.323130085078073,48702,7,650,46,14548,60,1
25972,14.338507407857389,143482,31,633,30,42589,24,1
47179,21.749248102416416,28631,32,823,65,3530,24,1
27654,6.799520461583043,107388,7,582,40,37853,48,0
16233,11.417014791256587,144798,13,618,29,8995,36,0
16887,22.84752333491495,90043,33,713,66,24703,36,0
30320,17.000462746115524,180053,7,313,65,25527,60,1
21808,15.059839120360753,55764,6,355,58,35032,60,0
31154,8.786440560010362,149014,12,702,46,31430,36,1
35773,16.046225861943313,133076,20,641,23,19,36,1
28747,24.267299269005846,119007,31,498,68,45730,36,0
11860,11.600321151797324,44940,10,591,40,23241,48,1
43838,5.134963554591935,127418,13,740,48,7296,12,0
43156,21.71262252877457,91792,10,377,62,16333,60,0
19156,29.315665110813814,179504,1,411,38,41516,24,1
21360,20.17066408971457,28367,33,834,41,18628,36,0
19135,7.9980464731782535,131764,16,674,25,19367,36,0
26351,13.018327308616827,176583,13,415,61,11755,12,0
31499,26.691040368005584,28573,24,441,26,35493,36,1
48377,10.814201856420715,35582,26,496,39,21750,60,0
24554,20.1923975874402,156450,7,839,21,13025,36,0
20604,15.066780206349947,85296,16,598,30,4887,12,0
17923,10.196093035491225,164572,4,375,51,13658,48,0
48591,25.33517233911699,85841,11,829,20,49348,60,1
9547,23.570781911642257,41881,37,399,54,5226,48,1
45283,21.539776648981636,90233,17,778,45,35596,24,0
34002,10.90841475671878,85285,25,767,43,45799,12,1
15562,7.446425067911251,79547,30,591,67,3988,24,1
8480,19.403983245649155,158294,36,424,63,21663,24,0
27672,18.841945838485834,27933,5,818,51,18853,24,0
5213,9.709625233371824,103385,14,322,32,18014,24,0
11293,6.406167357879312,118706,25,461,25,14239,12,0
35441,7.0177113548496495,158012,11,805,65,36046,48,0
3100,29.819274662818344,104590,13,320,52,18422,36,0
45617,24.589597368572093,126399,0,763,41,21816,24,1
29172,28.049686899129316,79145,16,782,69,27055,36,1
21132,9.876368055909083,194682,32,801,69,6470,36,0
19199,29.014213408085876,77520,28,608,54,23461,24,1
37609,8.566358786829053,24544,30,502,21,45534,60,1
43965,17.727045714161775,74812,7,715,29,4761,36,1
9016,25.7423921104266,190690,29,441,36,21603,60,1
40779,13.745083862789485,139090,12,406,32,34155,48,1
38261,15.620713329422513,119054,15,828,47,49793,36,1
32881,8.204627757477446,176516,1,836,62,47914,12,1
18058,8.073046999974318,175861,17,590,54,21996,48,0
25472,20.48920561946649,152689,34,610,29,39978,48,0
42346,21.88830921550142,120834,18,684,36,33342,60,1
35926,24.433312852054833,154405,12,352,51,9913,24,1
35832,18.91705131704384,60002,3,482,24,41978,12,1
37021,21.14398230653265,151583,18,668,45,40564,12,1
25087,5.337931792493001,132850,24,312,45,29999,60,1
13828,9.054268178429702,150011,37,459,46,31748,60,0
32128,29.622869150422616,188922,30,583,54,32331,48,1
2401,6.8998376578957945,141548,35,586,37,44380,60,1
20643,21.969705556506124,51786,3,307,28,34224,24,1
16193,9.402065825792906,56244,38,371,67,34363,48,1
27853,22.91796464419105,87261,6,397,67,24692,48,1
45864,22.649760074049837,38477,15,386,56,7986,48,1
21307,10.854976494702255,197605,4,400,59,13146,12,0
37982,11.740859980480105,185541,22,580,40,42810,12,0
20611,21.369267840052206,28496,35,588,69,33599,48,1
44791,14.75215096950534,140522,31,495,63,21352,24,1
12950,9.863699242497782,163342,23,690,37,10973,36,0
11704,23.291989969687044,40724,24,749,37,18501,48,0
44111,8.853688108408354,50416,27,667,28,20866,60,1
12867,26.391091603623664,55575,18,729,19,18390,36,1
3745,17.866738101295688,96614,6,395,30,43531,12,0
4866,7.6425150969825175,113566,16,560,30,41256,12,1
33245,22.35180833827461,168480,1,811,58,39528,36,0
45724,17.979075989363512,147192,15,420,66,41678,60,1
6818,12.451439294870237,39359,38,665,32,27712,12,0
49861,15.56348450559637,159770,17,631,48,5694,12,0
31116,12.45844358968747,190564,38,351,40,19463,48,0
16493,11.5756458935696,63634,0,695,39,21662,24,0
29038,9.090210521092803,137255,2,617,33,10,60,0
21447,14.069178328436896,62864,20,576,59,37648,48,1
31431,11.274680157901768,114482,29,493,46,49562,24,1
18908,22.085862176347927,57355,10,320,37,27515,12,0
30336,22.096918529082657,57690,21,698,45,10846,24,0
41992,17.54600606389096,188886,24,501,44,47258,12,1
5025,24.448613186758028,182717,2,765,61,46285,48,0
21093,26.033492975151205,76630,29,450,46,28026,12,1
7155,19.494161435856828,199243,23,458,22,16982,24,0
47607,20.473379069085844,41658,35,609,69,17207,48,1
34487,12.07214774465913,35797,22,803,66,43357,24,1
48658,27.371730017637994,78799,7,325,59,37985,24,1
21963,5.605151110563246,138301,3,365,55,39854,36,1
21936,13.715061736071142,72236,38,562,69,12306,12,1
5426,23.0450105387464,26265,30,771,55,312,12,0
24303,7.002237741779031,145611,28,466,61,43934,24,1
46280,9.579238185707315,141754,35,453,68,6671,12,1
28606,19.73214319657128,178070,12,642,19,23084,60,0
48832,18.99984178658895,111426,8,712,62,44698,12,1
29151,23.473207403273875,165378,20,483,37,35260,48,0
14767,25.315315977204296,198417,2,493,60,42905,12,0
12308,8.214489462791729,162957,24,301,64,16614,60,1
45245,5.459524744381051,129681,24,514,30,10864,24,0
46671,22.240962991472653,63826,11,782,43,48114,12,0
25770,12.534794894158981,75597,28,331,52,15224,48,1
29572,20.64959784794884,158515,10,314,63,47462,60,0
42448,8.763614701555618,117375,10,617,25,44414,36,0
3204,16.72600116664907,37084,25,542,45,44543,24,0
28233,17.610618651585924,109447,13,316,58,43,24,0
22729,19.626945409330403,24383,15,833,32,40300,24,0
32131,17.82925040826411,112313,9,380,67,24476,60,1
34870,17.39226925571785,54361,30,735,25,27500,12,1
39011,13.318353849596388,100294,30,307,28,28269,12,0
40382,6.779505907952156,81331,35,586,46,19841,12,0
42475,7.238004919921058,115057,9,485,22,38152,12,0
47681,15.844456860178841,171601,25,823,64,30931,24,1
22607,13.894828195524825,141685,19,721,64,5615,36,1
25968,17.903370116862444,116917,8,765,24,27961,24,0
34398,12.620954231406674,50932,14,382,35,32513,36,1
12908,22.197752286383107,21908,8,782,45,21890,36,1
27423,26.598870550237763,181430,6,624,29,26870,12,1
44615,12.471579719671691,50412,25,718,29,35763,48,0
10171,9.824600198475714,148319,23,350,53,45876,60,0
13721,7.904514356352228,103710,11,326,46,47175,48,1
17616,20.406351014270314,22928,19,844,28,44327,36,0
43512,16.096399778514233,85158,13,361,23,43302,48,1
39458,9.700392929907224,181704,21,470,38,24746,36,1
47169,21.328418332296383,52309,15,585,27,37109,24,1
8659,8.71207957513211,29280,28,416,49,29836,24,1
44369,18.857517646198815,60449,31,303,64,9831,12,0
12704,18.178709540631615,46957,18,365,50,33384,60,1
33793,23.355695029652082,187967,34,359,34,33007,24,1
49152,6.377740998516669,90499,31,801,20,38820,60,0
47473,27.19682329628326,113057,19,528,60,39222,12,1
32226,22.574793153670488,130065,39,399,35,29069,60,1
24852,10.403149958719055,172767,19,418,27,42816,24,0
33082,9.585133715243492,94893,7,368,58,41882,24,0
23794,15.791505353594586,45176,34,520,56,17196,48,1
42420,25.43913323861492,169481,12,522,60,4999,48,0
14379,26.073749828477677,76967,5,803,25,24026,48,1
8006,18.011402303484576,20987,15,510,51,1730,60,1
9682,26.520271567168436,116854,4,561,54,3424,24,0
34840,5.1360927297922645,46015,33,817,58,38830,12,1
33430,5.879365788289915,132350,5,547,50,29716,36,1
24091,27.79553984091857,86404,32,556,66,31226,24,0
33983,24.383298247147902,136751,14,362,27,2207,48,1
24989,16.267651456259642,148807,14,691,57,13031,48,0
10915,23.84025328694968,188218,13,839,35,28008,60,1
43552,28.89098654308554,68231,38,716,42,29484,48,1
19990,24.302238097032127,180104,4,352,59,46635,60,1
25734,26.05928334545805,48305,25,337,58,3368,12,1
15824,24.015164534751545,74306,16,607,53,21855,48,1
37081,9.20527731083854,141139,15,352,19,2227,60,0
12033,25.83935274114342,38318,34,751,36,48522,48,1
43736,9.87772050060525,164318,37,760,27,30322,60,0
17241,27.315283201103675,184916,22,785,66,43220,24,1
6939,16.4662474520269,183674,12,436,20,12817,60,0
48464,21.924418807775712,41584,32,671,36,46474,36,0
48562,17.431021197016086,35169,28,555,68,47130,12,1
36063,7.349773235415051,45968,33,694,43,13226,24,1
35464,12.268057690516628,157457,33,336,68,43877,12,1
12185,29.59329634992515,142684,26,446,68,44480,24,0
28045,29.017868791745435,135391,14,307,64,31157,48,0
45769,13.012172441388682,45444,8,550,42,20764,60,1
48118,29.907420106130644,126081,25,746,67,18204,48,1
20167,26.13877988742249,82497,2,562,34,188,12,0
37412,20.273987485806366,25362,35,738,27,30397,12,0
22625,6.003115506525237,119254,4,558,63,9414,24,0
40188,27.53617073845949,159322,19,622,68,37989,12,0
28076,18.935731981607994,88354,19,829,67,41438,60,1
45605,26.71190378006924,56368,4,600,28,6746,12,0
20029,25.860727997643558,64109,9,784,28,14331,48,0
23973,25.82515538002715,47426,15,391,29,11254,60,1
40121,22.454346517872626,137632,24,463,57,10217,12,1
32433,12.285378466901216,132637,24,634,65,15583,36,0
44309,13.404006443612996,59023,29,614,25,37380,36,0
2932,12.71173031456716,142268,13,537,41,34318,48,1
45254,5.5011499883141175,175964,21,382,31,15800,24,1
2757,19.56422273037028,129211,27,408,40,30212,24,0
31722,22.470841761150822,114897,29,477,67,47333,12,1
38853,26.346649838130087,167079,18,549,53,27492,60,1
39405,8.50413583456826,99777,37,390,34,32592,24,0
2116,18.604578724420044,64858,19,638,62,5233,36,0
44527,5.200203516844572,196145,34,468,22,22019,24,1
12691,7.377341192768236,110042,21,438,20,11447,36,0
1492,6.355293605149827,103098,14,816,26,14036,24,1
28882,23.136950850387173,40239,10,483,37,10998,48,1
9811,7.026489096940079,164137,33,469,67,32801,60,1
28808,22.91132453896975,130951,23,661,37,24871,12,0
25272,11.240617610264584,61291,5,543,68,27076,36,0
29399,26.942824017423487,58805,16,437,36,44739,24,1
7474,25.328749709095355,118831,27,327,38,28152,12,1
27956,28.945755436881914,169515,30,818,33,1429,36,0
48153,27.094050386450796,29290,35,697,50,10381,36,0
43506,28.33323547790868,151283,8,632,22,1987,48,1
14979,26.468559912832692,103634,9,616,41,29319,24,0
45523,22.334547515371383,39072,20,725,32,22655,12,0
43565,9.256478803135899,63290,33,435,43,19266,24,0
29328,11.792687971352324,105186,30,566,61,48028,24,1
48375,10.318174153256827,35115,28,406,42,43737,60,0
13867,20.089644691455142,25149,10,437,45,11889,36,0
26851,17.590498449340032,61992,32,346,50,49014,36,0
32279,26.67699992896059,37716,0,667,63,48477,60,1
31527,28.81682166247689,117724,20,305,35,1547,60,1
8866,15.121497240453609,33621,22,822,35,49614,24,1
16449,17.65876383202031,157892,8,828,55,44275,36,0
11685,29.28790892010348,133065,0,571,50,33281,12,1
24544,11.90597354057859,193872,20,365,44,45056,48,0
6451,24.80976938397034,50399,21,719,66,13550,60,0
22642,10.630997558381157,139374,3,638,67,5174,12,0
42316,22.036502885631798,165074,0,797,32,36334,12,1
40954,11.340390690964103,63098,9,768,61,20187,24,1
39870,27.09333472078467,65511,14,630,30,3938,60,1
32030,19.03694859341692,73243,35,430,69,1471,12,1
31873,9.648341021859615,135131,28,829,51,16721,48,0
1619,10.60922939246215,48750,4,737,21,7051,12,1
34650,17.346229892702507,168382,28,542,52,7444,48,0
26372,29.04005063937197,75398,26,762,36,27657,48,1
4642,24.24105409709136,64345,24,649,48,36180,48,1
29001,17.20774107064613,113430,15,316,42,29799,60,1
35064,13.442978614055427,134921,15,765,57,2392,48,0
30290,18.731712333711066,111729,35,662,29,15729,60,1
15122,23.709020835715492,71843,24,509,29,33744,12,0
25820,24.59821471132,161294,0,824,59,43205,48,1
3895,13.115219952423617,182581,4,719,42,29709,36,0
6366,23.02898170534693,151458,19,432,50,36836,12,1
9711,21.444719500904654,84334,4,313,54,9895,36,1
20596,28.977807299907347,87170,35,343,45,17255,36,1
19793,28.27725726270037,60878,28,676,69,3409,24,0
9199,24.734483140089427,189421,33,594,60,12744,60,0
11717,23.08486722137321,173024,17,695,26,1549,24,1
37191,11.851039742606897,110352,1,403,31,15085,60,0
11211,26.149131402463333,172601,15,744,20,44467,24,1
46550,15.687642592834154,192593,28,361,22,20845,12,1
24360,11.806013562651117,38383,32,711,43,14736,36,0
22542,14.604018948836563,155973,15,620,58,35389,12,1
32312,25.898387250412696,62889,34,430,35,2529,60,0
46242,8.715830389447126,34633,16,498,55,43117,36,1
37435,16.40396852799556,82244,3,335,38,47509,36,1
29247,17.308939863237242,149177,3,515,56,26932,60,1
23357,5.915742439970485,170235,24,605,33,8351,12,0
42045,9.893650738704133,161779,32,311,57,43062,36,0
28691,25.66856071439641,103597,13,382,40,11000,12,1
13424,25.769184714869017,196173,23,331,46,42959,12,1
19852,12.3103770971062,195778,10,707,27,39167,12,1
23601,26.872430864948157,35115,24,385,22,35349,36,0
19020,24.294573476708695,95379,27,710,28,22949,48,1
9155,15.447687094885236,59979,6,555,46,27569,24,0
4583,23.710158610125944,191713,35,540,62,46694,60,1
16515,29.033365779870156,89377,9,751,44,19318,12,1
37777,16.47424295163372,26416,35,300,69,18695,36,1
20710,10.960679473837091,161705,30,581,51,15168,60,0
44178,28.545412501253896,148785,18,813,31,37096,48,1
25532,20.09360721408141,151666,17,418,58,39591,48,1
19601,7.6316290620106315,165465,5,804,59,20712,36,0
5967,19.317070396417236,186452,27,379,27,19500,12,0
19753,17.51452223620747,196128,6,518,59,3747,48,1
21022,26.389722351889084,150364,37,816,68,23208,48,0
44463,18.267379744088032,117507,11,765,28,34227,48,0
10135,11.380810858607086,138243,33,817,28,4430,36,0
6722,21.891101596622214,155933,24,801,52,18835,60,0
28413,18.564386313389505,123070,16,357,36,40099,24,1
28236,10.82611570667181,56126,32,636,41,28927,36,1
16514,19.340696448572693,100382,22,809,18,43948,12,1
44896,25.538389447242153,184754,8,725,29,8963,36,0
38212,5.714272943100261,38228,5,669,64,21425,36,0
41386,20.771275966127792,44009,1,710,31,17495,24,1
21331,13.739629894609802,20094,37,731,20,44271,24,0
19060,12.316786143985604,100636,8,495,69,12598,24,0
2196,14.814693759027781,118453,2,676,62,9786,60,0
13297,13.550566606199542,168502,15,664,67,10921,36,0
3787,25.80597766771104,186643,24,704,49,42241,12,1
24816,11.869945269197514,74486,23,791,33,30253,24,0
41695,23.328825577664634,110510,28,365,55,19969,24,1
20702,7.351495505714718,40860,39,690,27,23985,36,1
26242,28.78490931211039,92812,25,382,34,47232,12,1
3176,20.557915931213795,86087,37,780,66,11020,24,1
21127,22.667964426114004,159558,34,528,57,35141,36,1
42560,12.450983302361275,69607,22,524,21,29461,48,1
28228,15.302414217702866,160817,3,412,32,14352,60,0
21208,10.594459656774406,126664,13,484,50,15344,36,1
29482,28.313402145055598,38330,38,811,56,41301,24,0
10171,17.202611177534443,140803,6,472,27,13125,12,1
36219,20.76120289144975,191150,7,822,24,37491,48,0
34396,23.356800763267884,63336,18,504,50,19202,12,0
43589,14.277652277488475,28070,1,837,34,42232,12,0
41546,23.00254136347853,21320,0,618,29,709,12,0
4696,21.899812243908503,109043,37,458,34,6992,36,0
21058,22.641483346848663,58921,12,577,64,33506,36,0
21313,17.23074750511532,26589,23,447,33,26354,60,1
20149,14.573434557290428,112995,31,382,31,13233,48,1
46740,10.552054705224746,35589,29,718,20,47460,12,1
42075,25.615658820022322,56375,5,837,68,4590,24,1
5956,20.208751163291968,63085,37,848,61,28706,12,1
11195,16.108804902437374,80840,32,691,68,13718,48,0
18076,28.599897667765283,194272,22,432,67,22471,12,0
2105,6.19597031267597,118704,9,541,47,36486,36,0
16417,26.25429863012619,177804,14,750,63,13105,36,0
25729,29.93956482364931,117047,22,499,69,40969,48,0
47956,27.173552772071684,173498,35,416,58,5081,60,1
31099,25.26091464039063,50982,0,518,52,48822,12,0
33598,14.357649835158115,79720,7,604,43,42697,48,1
30961,10.782854556557337,167818,2,542,29,26718,24,1
13602,23.371263012490026,48514,13,591,48,20384,24,0
10256,12.61438415721421,154923,16,600,69,4545,60,0
21584,9.400992053874267,170868,33,687,34,5339,36,1
47980,24.66314717758978,96034,5,508,54,15353,48,1
35681,12.813591305918056,118388,4,613,25,26376,12,0
26792,27.86104323718346,185664,39,325,36,28028,48,1
22904,26.01581612047813,64845,28,378,43,19100,60,1
44361,26.191008237731378,167002,34,427,21,4302,48,1
35540,24.289243151395656,130853,17,712,32,1809,60,1
27536,27.02203559436842,128417,39,436,68,28917,60,0
20164,25.143672304453002,133436,29,633,64,5830,60,0
13996,20.062784089368215,41159,14,847,31,18381,48,0
3871,12.39556796454658,109788,14,687,47,48924,24,0
47002,27.205229830353726,44003,15,529,65,48637,12,1
23626,26.015090569329796,125722,32,720,59,2130,60,0
11521,16.821983055263626,55139,9,423,41,4412,36,0
44410,5.97696715004888,72452,18,387,63,10884,60,1
2132,20.963593185047834,42205,36,440,69,35564,48,0
34467,6.264921341914543,76955,2,350,60,24132,60,0
15534,28.15699904621018,27464,35,704,51,46775,36,1
24854,29.040781415632676,29840,3,636,36,47733,24,1
43998,9.737253647490107,60768,10,665,20,22707,48,0
40065,21.90973445137275,160533,32,557,21,30478,48,0
46607,7.306725114069069,40927,27,687,28,6745,48,1
8812,23.237923214328053,118622,31,344,30,45655,36,1
5557,13.682191653816865,35329,15,568,67,37970,48,0
3179,22.026252793261133,35791,8,610,35,34323,24,1
44798,14.321912730054446,72627,10,577,36,11882,12,0
10065,8.639187745830894,148885,5,774,61,11764,12,0
9275,15.152749512563947,165444,26,444,50,24565,60,0
48857,7.8168381658697506,199541,11,534,55,4443,12,0
36948,19.422081874423647,129554,21,435,20,13583,36,1
21700,6.023788303736994,150436,39,744,66,41290,12,0
40464,18.182991989996495,107073,36,652,52,10136,36,0
43351,27.159216177388522,54370,20,693,18,21223,36,1
28794,25.946831752984068,71408,32,574,52,20342,60,1
29783,27.06954249066242,110941,16,683,53,9876,12,0
17998,28.051220053177683,174775,28,622,55,746,60,1
14869,7.613197196892356,166306,39,482,56,34952,48,1
45525,8.218680071892827,158604,9,739,42,24330,24,0
29152,18.925170157828216,55416,17,362,57,14052,12,1
21954,27.34931671061073,92439,12,333,30,42344,48,1
32555,29.358736413100768,38242,26,776,21,32576,48,1
17654,6.156547933499999,99324,9,386,23,28606,60,0
46026,13.894352105016504,55249,31,509,28,31001,60,1
36236,10.322356366499836,120124,2,761,18,9210,24,0
47976,23.899146223281203,115049,21,380,25,15079,24,0
16042,21.0048467134258,105078,26,621,51,27154,24,0
26966,7.997200787096135,52294,2,714,57,28687,24,0
49407,17.088051684124288,154756,32,489,69,7148,60,0
45314,22.136013059282284,174867,1,532,26,12855,36,1
46095,24.475134848100943,161503,10,691,53,28516,60,0
15270,5.501317744600213,109627,9,468,66,15473,36,0
31908,27.261739349597246,110381,38,742,56,30285,60,1
16523,19.23203457376311,110027,32,467,59,22557,60,0
48068,25.297727873997616,90366,6,530,54,42502,24,1
20991,25.198450750357086,114176,14,449,59,14219,36,0
11775,9.746316506774228,139667,25,849,61,44006,48,0
13265,7.754303006340828,92870,10,685,38,47125,48,1
20459,23.032181724345666,67387,37,680,37,39965,48,1
17673,8.910672970540476,29304,26,574,55,34470,24,0
28056,26.248437285118094,37032,38,361,18,38297,48,0
7614,23.15473709655263,111291,6,766,52,39984,60,1
37020,26.045634109131566,132889,0,827,45,45380,24,0
8415,12.475316990233651,79486,9,449,24,40423,48,1
24155,12.914951510264226,85552,20,441,60,38185,24,1
44884,21.78053890865794,180726,14,415,61,48901,60,1
17964,5.786148876473688,59244,29,364,26,6324,24,0
38726,23.162418658435566,157014,29,728,18,20257,48,0
38044,25.89457677136503,70697,7,609,53,8313,24,1
38544,15.379089665102601,146031,23,729,51,47227,12,0
33252,24.121970752211716,22693,18,460,51,26052,48,1
4832,9.36527292455655,101098,2,605,34,49417,60,1
26275,13.056509845487117,26259,14,660,49,24603,36,1
15901,29.357624077761937,139746,35,577,19,21762,24,1
39213,29.658204339003156,127772,5,595,53,18508,24,1
35148,17.8151263255397,137928,17,468,42,16815,48,1
43633,28.356744786596924,156014,37,758,60,4974,48,0
23918,18.068266951421364,67419,18,306,68,20161,12,0
47694,12.289703204028932,122092,29,431,43,29730,60,0
20540,11.672482202469297,76105,12,646,62,12723,24,0
12580,28.23764263420372,178455,38,552,43,15473,24,0
39402,9.311159724346478,43404,11,709,38,1085,36,0
39578,19.490811455045453,92656,33,842,35,22579,24,1
25917,18.88812670156799,156774,11,654,46,22643,24,0
23318,23.490542116324875,120965,23,667,68,26670,12,0
11179,17.48107268811937,76332,3,810,41,18869,36,0
13251,11.807141517703355,190491,35,832,64,15771,24,0
46899,9.234912490789464,123182,13,827,45,41060,24,1
20493,20.520470087647297,131395,16,827,29,10346,60,0
21466,22.974768921330828,122619,2,701,28,21462,24,1
31206,19.238031967050816,128269,37,474,44,39970,12,0
46475,23.458781928029868,93844,22,377,40,19432,24,1
20624,8.538030061249003,190314,12,739,50,13174,24,0
27564,27.061754873578387,144983,8,848,33,17183,48,0
23412,19.55988771021258,54142,20,531,45,29697,24,0
28990,8.17109817231493,129699,7,699,45,5611,36,0
36517,16.548130105143375,116226,16,512,62,46959,48,1
14156,26.119793446647787,27393,15,492,55,22393,36,0
24064,27.439054836329003,122281,15,566,23,25871,36,1
26711,11.616237624969038,179965,27,425,59,5263,12,1
31106,22.781645617761328,29388,15,681,46,41394,24,1
17589,7.499631187094417,82969,13,843,51,21954,36,1
24736,5.838646785303945,56660,37,801,20,11996,24,0
21975,19.00997384549857,109244,19,702,23,10805,24,1
37218,22.370689483203147,175798,33,560,65,9107,12,1
8214,24.89466827941255,99544,28,686,55,10467,12,0
31581,13.505405961383367,151183,2,711,30,21024,36,1
21195,5.163135260722175,135370,9,645,53,41607,36,1
45582,16.987980927783845,37545,19,393,32,18679,48,0
28127,5.396338634339174,191240,1,627,23,12270,24,0
6141,7.299612766769998,153451,26,399,50,17815,24,1
29884,13.167225563293709,107346,31,760,58,21556,12,0
25885,15.92930123900443,192192,9,614,29,13887,12,1
3708,11.986736030741215,37809,39,324,60,35129,36,1
19375,19.546631662617695,47967,16,793,30,23925,48,0
16088,6.38374473045238,160820,32,652,50,12324,48,1
45602,8.614492755989618,43424,5,416,68,723,12,0
46046,22.38146001888584,174986,38,498,45,34315,12,0
11014,8.553521339947944,128411,17,578,53,8275,48,1
4273,20.994380039260562,170563,8,378,22,13405,48,1
48135,6.367115518834138,90069,7,723,42,1365,36,0
38306,15.18455697797851,109119,24,653,34,46427,48,0
31881,9.435236753029558,57049,30,825,54,27338,24,1
32486,7.740907063379661,47821,3,840,36,3853,48,0
13541,19.17581958753069,115797,19,776,52,4682,60,1
9712,28.208394300140544,181017,27,309,60,44159,48,0
10168,6.369676198088721,168456,39,802,51,5960,12,1
4551,15.538856205450855,179482,0,559,63,24727,12,0
13297,22.688385943636092,97734,39,823,23,24073,60,0
44733,16.567195792195676,158241,22,305,36,21541,24,0
28128,25.16239865263113,191201,12,334,18,19882,48,1
3832,9.491132896603293,117445,15,474,24,48232,48,1
29483,28.989855125693513,23830,25,741,51,45054,60,0
23063,14.629065694313512,106940,30,446,36,1567,36,1
23963,13.539240823606878,178829,0,492,50,24787,36,1
14422,26.865144862579147,83867,16,312,43,23053,24,1
33920,19.096675797294164,186722,15,829,58,26755,48,0
12156,17.91110854757054,184838,36,545,66,27799,48,0
12108,23.174447988210773,52419,9,413,59,36959,48,0
32845,19.49585595702726,36668,37,532,44,9718,12,1
3800,9.062891118927883,167318,30,621,55,23540,36,0
39078,21.854940571623242,44996,9,837,43,25097,60,1
43712,8.336721982053213,71312,33,425,52,22901,12,0
3610,25.14644263335155,154137,5,612,37,28522,12,0
13067,29.743414942806773,30467,27,810,41,37903,36,1
34872,14.434690624369408,172079,27,783,64,39519,48,1
11728,16.118897455050316,48702,12,580,38,40977,24,0
30566,6.160841387070308,114369,11,582,43,11672,60,0
30783,5.343329702064457,95569,39,691,37,7174,36,1
21583,28.035483371908192,73952,1,822,23,18103,24,1
21238,8.215601510979802,54169,7,681,20,8061,36,0
8263,16.14446868898676,36829,8,515,27,20398,36,1
2914,25.383865596389036,24522,7,841,29,32626,36,1
24749,27.232968998207987,105687,2,415,50,13265,36,1
20456,17.98494213208669,186391,8,808,39,33646,48,1
26582,19.125813124398746,140334,12,799,33,41553,12,1
1406,21.74209931158181,177615,8,570,34,45698,36,1
14689,29.034561753592882,138576,30,739,27,39040,24,1
33934,20.06674902361263,137419,24,590,29,29472,24,0
34276,18.986881486408656,181545,7,338,36,45510,24,0
37432,5.363353381649767,27699,30,323,57,17993,12,1
20873,7.023742550558902,88165,30,342,40,6714,12,0
14050,19.429290665599908,191527,16,469,57,29767,24,1
1680,28.40600969518008,95692,18,639,27,37877,48,0
19908,26.667283709984876,37441,2,468,27,18832,12,1
19504,29.564473074805115,50716,29,837,67,12749,12,0
22644,18.19585093903185,82175,9,771,27,15888,48,0
38125,24.698273460944172,26834,28,442,56,34904,36,1
2363,26.01000828723351,38179,39,400,47,16020,12,1
43291,21.200791433271544,46219,17,774,21,39734,24,1
36060,13.468747605362681,123153,11,610,18,34821,24,0
2538,16.74946086644486,166854,22,359,60,7763,48,0
37176,26.447926806089193,94967,10,328,36,46000,24,1
42520,12.463698149554098,122454,8,830,22,32851,60,0
26675,28.093578281666215,29496,23,372,47,16025,24,1
19287,10.745158535566627,190310,24,693,43,26015,48,0
1174,23.737910378919516,66025,24,693,57,15431,48,1
27732,20.763980858643457,79886,8,780,51,19052,48,0
35998,23.739986028019057,174635,11,772,19,37999,60,1
38055,15.93368931081487,23712,10,612,41,43179,12,1
13112,28.316026563849615,114067,37,737,31,41658,36,1
40874,20.811805060286936,65489,27,623,58,30992,24,1
10689,12.207395113856407,52664,7,386,59,45585,12,1
45814,20.961376766303594,163492,9,658,30,42058,48,1
20555,12.17039368017578,25315,24,496,46,6572,12,0
34919,12.340809793996854,95033,35,684,18,35662,12,1
8619,14.989962790521698,137862,8,417,63,36185,60,1
7033,26.310760439227973,99030,7,797,51,16632,48,0
42328,17.5074468598498,83910,2,761,21,7810,48,0
5946,21.972521055755184,141075,17,795,45,12674,24,0
25618,14.799193506861576,75919,34,546,36,42917,24,0
35675,11.590135995172037,155204,16,533,18,7880,24,1
37258,28.866004017905784,147153,35,716,53,12650,24,1
19919,20.089531178076566,61598,27,766,60,34883,12,0
5173,28.34878346456796,171623,14,781,30,39349,12,0
44833,10.085325054957876,88206,18,664,67,38419,24,1
27400,8.67235409782332,94900,21,452,59,1806,24,0
5769,26.39557267809759,46296,5,571,22,40068,24,0
38564,22.022930315431285,169138,6,691,50,24871,36,0
46814,9.664462481341033,179964,8,846,31,42951,24,1
15211,11.733992516588444,95577,19,729,33,48991,36,1
24255,25.01659853813278,97173,36,488,49,47136,24,1
28962,16.3467154998984,84771,10,551,67,5493,48,1
20356,21.76351266265227,178556,1,694,44,32548,60,1
21306,12.958800553400273,97865,21,518,52,4650,12,0
5997,14.530748819371917,119074,35,489,20,44835,48,0
18376,29.767813965577627,178187,4,533,21,16225,60,0
41880,11.190427179367964,177110,6,531,24,45360,36,1
39055,17.66140942591285,56622,5,657,30,792,12,0
11578,26.110058579763304,55886,21,777,58,29803,36,0
19624,10.98058034164645,160973,9,728,20,33857,36,0
40194,15.380343917108267,76377,39,536,34,20881,12,0
45367,20.377282184249708,102910,19,332,64,33557,60,1
1389,17.029703786877562,138992,27,512,27,4194,12,0
34767,16.487556664257937,183878,22,678,64,12558,24,0
46580,14.06274328305309,168731,34,301,18,26374,36,0
49367,19.666158194373125,174525,0,749,45,20841,24,1
2855,20.60931744809026,181570,28,726,27,13475,12,0
41893,21.332238522534066,36312,8,578,24,6671,12,1
14794,6.759202697650733,21436,8,513,56,31764,60,1
36531,20.77585439280122,47569,21,584,20,5961,36,1
5986,28.83092946953082,136787,1,842,24,44816,48,0
33298,18.52465588820209,110485,15,573,26,5155,12,0
2481,22.881677062731107,197058,39,310,57,33081,48,1
4731,18.918307693980445,122555,5,346,52,232,36,0
17835,26.36851546479947,160377,12,814,43,9221,24,0
28798,28.239577364939223,52646,32,737,22,44566,36,0
27113,9.605497482408982,96126,18,726,30,24233,60,1
20477,15.921500913928165,137922,14,731,62,2711,48,0
18266,14.809552523318033,60430,32,429,47,12531,48,0
21792,15.130378082481966,142238,9,321,57,10480,24,0
21452,8.138104530696896,88659,0,688,67,40708,24,0
44526,25.340393149517983,135341,11,434,56,12191,12,1
42334,5.894156075373381,24158,28,831,27,2122,36,0
12889,18.205665193178923,94236,16,519,59,3779,60,1
25335,21.54695970111728,96067,3,632,40,5654,12,0
12254,10.18673595147193,178810,28,429,28,45142,36,1
22074,27.64625480246989,29879,6,331,29,11169,24,1
12442,25.963730175619826,156615,12,724,30,1172,60,0
47289,16.777093237098132,132284,4,597,57,7317,24,1
38327,15.278723308503467,198996,5,803,66,159,24,1
17199,10.914198130277502,193420,33,656,63,2129,48,1
8291,23.24983061612409,104117,6,754,66,19462,36,1
41928,8.293594990799104,187751,27,700,68,18613,12,0
1112,22.005943846094578,63888,9,754,33,2917,48,0
22515,26.06142465296034,50276,3,333,26,19397,36,1
20581,10.711789397925592,24799,2,547,69,26125,36,0
49692,26.660685072468905,132529,24,341,27,45533,36,0
27500,5.833079985987712,144713,22,422,46,6326,60,0
33026,27.819684634663133,110141,26,326,26,34347,48,1
17523,7.959055696282451,135013,13,761,50,47277,12,0
2424,21.143979448450814,187606,37,446,41,14349,48,0
20552,11.252061722848545,51668,31,795,52,34728,24,1
11808,25.913809779240346,155183,22,785,28,30792,36,0
39811,17.807509022886663,175758,39,759,56,7902,24,0
7989,8.381029781162534,92392,36,427,67,14033,48,0
24620,19.27478928314946,36490,2,675,30,36612,12,0
40029,15.197065254924578,186266,34,382,40,37465,24,1
1887,21.53619541532753,165569,12,834,42,35158,24,0
32802,27.04758211908649,137219,33,822,67,34187,60,0
20488,15.234728279585461,64104,23,402,33,3917,48,0
31013,12.247016988346491,25316,0,818,65,28411,24,0
17402,5.36287736319022,58130,11,661,38,14206,48,0
22205,19.37097594649687,127294,7,555,27,12620,12,0
27049,15.056869185785839,49954,18,546,58,11822,24,0
13253,14.366230475370719,133437,8,491,57,37710,12,0
19990,9.573383032105312,172724,27,834,36,8354,24,0
8846,15.751383629781857,165250,13,613,52,24691,36,0
26027,29.611048839584207,165823,26,575,45,23954,60,1
40200,12.443853841806108,154116,17,672,58,5198,60,0
47220,19.992610335202507,83165,5,743,19,26046,60,1
47163,24.412172032891668,162552,32,494,68,22386,12,1
4765,23.728945579413292,194946,36,557,47,11271,48,0
16950,13.219357187314769,86775,24,659,57,21526,60,0
46270,20.27150208792126,157638,12,847,67,43798,24,1
10741,26.78161713175393,105311,22,407,57,49694,24,1
23742,5.386185693326949,73149,35,323,22,25257,36,1
25703,15.89335892108269,154078,32,764,55,8860,12,0
39709,10.606835456047632,92561,20,321,59,26645,24,1
38623,14.715807259970974,170495,33,801,32,24189,24,1
23931,15.399740199381041,110710,35,800,53,15762,36,1
24580,23.666774119665924,112199,16,706,20,968,36,1
16166,7.345546809886079,185024,9,629,41,5800,48,1
30240,17.814597578312764,47326,22,585,58,24229,48,0
26991,19.104869794968632,137272,1,446,65,31049,48,1
39556,17.35394008879511,51139,34,683,65,29717,24,1
33969,23.296831326568004,93638,13,310,64,21767,36,0
11561,14.594781397671184,92652,1,575,58,7470,12,0
17901,28.624176591001902,32937,18,602,66,4819,48,0
41505,17.045086063473533,50161,15,503,29,36003,60,0
31020,19.28034774036994,155455,24,644,25,21639,24,0
26917,25.638270583668735,105856,0,565,31,49403,12,1
2988,11.880902648278061,90043,1,321,35,4300,24,1
49209,6.880050719070061,165807,26,835,61,46935,48,0
45505,22.69459945906206,79919,1,395,63,48429,24,0
15256,17.075296388709468,102055,29,744,37,23793,48,0
23192,27.41260627397487,105455,9,562,40,11071,24,1
29230,29.567001218060852,188694,18,682,22,3998,48,1
40930,14.97773376436823,58135,15,849,18,41750,36,1
46833,15.385975406491522,186730,12,691,62,5180,36,0
23625,15.19906505514316,104677,7,839,63,12752,36,0
33088,13.113852743273153,49696,30,391,19,30513,36,1
15114,24.542177444159936,154845,24,458,33,38189,36,0
42167,23.97489406226819,44956,38,527,22,17879,60,1
39401,16.96612176376312,35819,20,772,39,24362,24,1
6755,6.116530409472469,21528,37,671,18,46686,36,1
11825,12.738982537826836,147781,28,675,29,14316,60,0
23693,12.307576163870937,106491,5,336,36,27644,60,1
5117,25.27718115500646,64588,17,336,39,10899,24,1
25729,7.189389335404368,119152,34,400,59,45967,24,1
33182,25.141884476067602,147872,26,842,61,24525,48,1
29890,21.729591304978577,171583,4,489,68,5378,48,1
30340,23.31103647826123,30119,6,811,65,48669,36,0
2518,15.805329689625587,95893,9,389,34,2577,12,0
31949,21.993144900043955,36167,9,305,30,21690,48,0
23547,20.225723617672898,130782,27,438,56,40901,12,0
17346,24.224504880715738,150775,35,394,45,34003,48,1
3600,16.1692458617063,54889,9,685,20,15641,60,1
47005,16.82064062240756,65678,34,422,22,3659,60,1
30267,21.089405568495504,80262,34,584,53,11847,60,0
37322,7.701937341659708,155753,36,665,32,21752,12,0
27990,15.906111209107932,100291,19,789,34,16440,36,0
17193,29.29877113149514,86008,12,624,61,10084,48,0
31109,5.93880800150114,164762,10,706,63,7472,48,1
20233,12.900118071659845,45912,18,818,46,18953,12,0
49021,12.852745477234269,26473,27,376,21,20464,60,1
17194,20.836602980894316,192370,37,533,49,48364,36,0
35510,7.645008985603497,169741,3,783,66,22761,48,0
2306,20.713600771971528,119500,36,763,60,18332,36,0
4849,7.376006016290486,172015,18,570,55,16606,36,0
13360,7.373841185458275,58785,36,766,21,42599,24,1
46536,23.204583929712058,120956,13,768,30,28998,36,0
30231,13.103379345819908,139006,30,846,37,37985,24,1
46800,29.435573692843697,30832,27,569,64,13537,12,1
37963,5.933823410888873,156457,35,677,35,42717,60,1
19689,16.12766659294985,165780,37,476,66,9027,24,0
30084,7.828398441850591,174510,18,573,68,2536,36,1
41387,13.784474168952716,102747,0,326,59,2525,60,0
10280,29.955561265226265,100107,22,359,54,9176,36,1
3642,27.221062793463293,85428,27,516,29,17741,36,0
43137,6.208110221384922,106843,3,569,42,4887,24,0
15296,19.081396095642084,31002,17,415,47,24106,12,1
16438,21.19555762061089,187225,38,544,32,14847,36,0
49442,10.238365598753141,173512,24,384,53,11252,24,0
38525,8.627639334911256,87501,17,749,25,4477,36,0
3994,27.609528366638084,52556,5,835,45,17755,60,0
48994,29.220411037084418,87963,18,388,69,19608,12,1
35039,29.797321432991044,26563,11,848,39,16095,36,0
2813,24.744044343365864,25840,24,806,66,6104,12,0
28491,21.587551735131427,35154,34,707,55,33910,12,0
19845,13.643256304824948,44194,0,570,33,20693,60,1
42243,9.284957808118811,197933,4,823,22,29403,60,0
38164,6.9745149841557925,173520,0,793,63,12726,48,1
43051,22.3324367137873,43528,7,747,51,6898,12,1
14318,24.618085379483958,180474,38,842,66,17972,36,0
18200,25.6613413113745,24352,17,649,55,44945,60,1
1082,27.844125082594964,20184,8,627,28,45684,36,1
2920,26.99823909095934,161456,4,585,19,42430,12,0
41585,29.993531806452314,34319,3,334,42,44874,60,1
12683,11.101600274181282,140497,28,832,42,12682,48,1
12336,24.082690380305266,171521,0,787,18,4342,12,1
16596,19.66148780936994,76333,29,786,48,48008,36,1
3093,11.53112831133956,61205,0,444,22,3362,48,0
13905,29.54763305717357,30426,2,823,57,14583,12,1
25351,27.447452619356305,27504,21,445,21,34404,60,1
31981,8.21289171110291,136775,7,802,68,47702,12,0
9367,5.653958558085496,53368,17,826,22,11104,24,1
6285,22.208269058316922,123841,24,571,22,26048,36,1
44664,20.10326572141338,136744,19,833,33,47876,60,0
38705,28.395390602778647,28724,30,394,35,17628,60,1
17753,10.850132179009247,156156,29,746,60,11929,24,0
19485,7.109698697374676,185882,15,714,34,26674,48,0
13977,11.48038334429966,102297,1,556,52,43557,60,0
20874,5.473191012786586,145099,16,561,35,13268,48,0
8674,5.89731877972331,98872,9,386,21,21690,48,1
30038,27.87144514801899,171944,6,735,68,30220,48,0
30315,13.800414562546957,90333,8,407,48,10704,12,1
4676,15.270225025242016,22596,16,318,48,4514,24,0
3426,5.459291363452611,37167,8,664,26,47190,36,0
25473,11.763044504296165,107844,8,678,48,24834,24,0
3962,25.118149593535776,109751,36,459,22,48308,60,0
30943,20.387273991667982,149817,23,399,53,18742,24,1
1859,23.844515027160384,100520,38,564,33,30892,36,1
45816,16.180343519844627,78326,10,348,59,27987,12,1
5138,12.74323054378325,97670,7,714,58,38383,60,0
36192,17.070252333209258,161854,24,358,33,14840,12,1
26640,13.076776710143779,193074,1,482,37,35144,60,0
11409,25.9742774168517,44022,9,746,47,24771,36,1
5017,12.441842889821142,104458,23,600,43,28733,12,1
11451,21.494091011327093,165690,15,653,66,19480,36,0
29327,8.424555557738195,168317,18,512,48,20019,36,0
11278,22.17166234337275,103796,30,488,67,16945,24,0
25944,27.832492790000845,161099,10,646,32,11641,60,1
44764,20.21457886599771,165058,5,436,69,15232,48,1
2134,18.99638450086193,130704,5,329,58,44326,48,1
31131,29.027956700541004,154598,31,445,55,11315,12,0
38887,20.68491388289616,64361,38,767,55,43851,36,1
39462,11.488760831827065,58286,12,802,60,24615,24,0
23520,12.30977559619351,49533,2,490,37,23255,60,1
22869,22.63266606339818,169388,34,770,52,30709,12,0
37932,23.385914847304658,159771,37,644,40,35272,36,1
6039,12.587405794725381,147441,16,300,61,22355,48,1
22281,13.633599448158256,117079,2,409,64,25363,48,0
48399,29.776412718477175,120960,33,363,56,10068,60,1
11442,7.548813739506937,78465,11,352,42,42452,60,1
9252,15.116125711002482,167745,23,561,67,42089,60,0
28586,6.561188279937687,43395,5,828,39,43223,12,0
18568,25.526959049956027,124162,10,601,64,45832,60,0
21810,7.308645973635806,150704,26,533,25,6822,12,0
2551,21.85018391156778,174779,23,372,26,20893,24,0
13625,6.412085600087051,95937,17,656,32,12497,36,0
35397,21.821375945242277,149647,26,783,65,31801,48,1
27249,26.07592367319258,140650,20,305,37,14251,12,1
2361,14.970538173101435,150744,33,436,52,22570,36,1
27149,18.053162335804423,111512,32,703,54,43145,60,1
5370,15.038543450132062,159830,17,505,20,19944,48,0
6283,12.512218965815972,87009,2,709,51,5679,12,0
8610,25.081585015678204,164353,23,335,51,39380,60,0
44326,11.800064343274741,52548,0,529,53,21205,36,1
15924,23.073585609736178,38371,5,526,52,16272,24,1
48607,10.154926981380056,125977,18,561,26,1412,36,0
45717,11.246344901958238,170716,21,430,47,2249,12,0
11626,13.411529064430306,174946,7,747,43,2239,24,0
35761,19.728909434844706,34281,4,485,29,40641,24,1
1869,16.360557978988528,173361,8,485,41,12614,60,0
32552,23.628620245695508,156126,20,573,58,23277,36,1
2014,10.339182508404807,120020,27,651,36,8835,12,0
11103,5.266807196220853,127508,3,712,61,29028,24,1
17986,24.4139367946305,86846,23,450,33,14803,60,1
45781,25.54123334700181,114682,7,683,43,12795,24,1
31471,6.487004077709739,49312,16,335,40,47209,36,1
34458,20.27268805395991,134186,33,625,50,15653,48,0
26069,14.455169596826948,24257,19,764,59,37953,12,0
17873,24.84739137986292,166918,15,765,47,20674,48,1
24248,26.860363854911963,173555,9,394,40,46267,36,1
24624,26.275094169931226,46558,33,433,27,20526,48,0
44516,24.430106183771304,63188,9,461,53,42345,36,1
30061,11.726305718554073,164084,29,599,48,39920,36,1
25170,25.29724108920792,53236,29,655,60,32614,60,1
9024,18.336961897657318,65076,24,539,39,18968,48,0
17678,6.31891537080227,68402,6,466,60,17985,24,0
39256,16.423471247456224,114467,19,439,60,46566,36,1
21411,28.55394792574983,183148,16,438,55,17191,48,1
44803,27.196483743388818,100337,2,534,64,43619,24,0
20296,7.556607024927901,135827,39,302,19,41074,12,1
27293,23.603167142859256,94264,35,555,40,45686,24,1
28172,25.14482164895587,37335,25,670,52,31908,48,0
22128,11.78470470591912,63773,9,577,54,45252,48,0
19257,16.790214268527308,48570,33,815,49,29072,24,0
13855,22.774698536592073,107995,13,511,60,12093,24,0
20642,15.976037220528697,60658,7,515,29,8165,36,0
36585,7.819922971664424,140640,26,569,52,47852,48,1
21025,22.647061117043037,92613,9,775,58,43688,36,0
5458,27.79096724338259,78194,14,827,20,47095,36,1
6307,21.31211821015394,131872,36,363,51,20555,12,0
42701,24.345018714225848,185031,21,759,55,26025,48,1
19425,13.959063391445712,196660,30,315,41,12574,36,1
44427,9.579956128165872,191605,1,318,55,34336,12,1
29273,21.069341540457312,128558,30,624,34,25898,36,0
39506,13.194280146030472,88582,13,392,57,25436,36,1
6668,26.50183797474482,195590,9,316,18,49893,48,0
26934,8.065701249450164,163775,29,787,25,42690,24,0
48195,15.836592493328093,69456,35,393,32,22821,24,0
8697,14.918190011709646,75491,39,309,67,4904,48,1
25417,28.451346338848243,28043,14,827,62,35701,24,1
17446,8.828370015110096,123212,13,788,42,28094,60,1
41597,5.246170625300274,88340,30,443,25,4509,24,0
11751,10.95213032017794,161248,28,814,69,4526,36,0
47218,25.506921494216364,155008,26,769,49,38677,36,0
8352,10.233045401175426,51174,20,676,67,35935,12,1
14516,11.021951592637068,102632,8,793,30,10110,48,0
24299,8.24747011342027,108768,19,783,63,34108,12,0
32957,22.88590508191351,145775,34,751,32,1514,36,0
29927,6.729354762635429,128177,14,835,23,17795,36,1
42094,13.280207558213041,45909,23,374,50,27612,12,0
37412,12.062468165524113,64158,15,339,24,40492,60,1
30493,18.87899324475387,159438,35,601,50,4167,24,0
27711,23.26040662549339,144296,10,361,64,17406,60,1
9003,18.321910867418687,79331,7,802,46,29203,60,0
32707,28.27564982437669,179914,2,544,55,43246,60,0
4278,28.786065972183298,168530,18,317,54,29248,60,0
8296,14.036633212462885,107367,2,697,61,44731,24,1
26398,24.44200940687232,85382,35,488,49,9304,48,0
36842,23.47003458170474,94319,24,403,20,4808,12,1
14261,27.324114792620684,31170,35,643,37,28455,60,0
12173,16.198591005192583,139952,10,670,31,8833,60,0
31449,18.261829679944807,100145,15,332,45,31897,12,1
42080,15.394357839539351,125626,16,673,55,39501,12,0
2637,26.25942298249264,196014,23,477,21,10429,48,0
32781,10.742557884053358,36208,16,311,32,4907,36,0
14652,10.992726956061118,186250,19,755,34,11678,48,0
6103,14.315127589426995,160111,21,548,54,3225,36,1
26500,10.75857080255878,34990,5,747,41,1014,24,1
35800,19.02517091037302,157513,6,303,55,6768,48,1
36529,8.362252662387558,149327,13,535,59,38226,24,1
48963,13.004655485101383,99314,10,472,58,2021,12,1
19452,27.83611746188975,197031,11,621,53,43896,48,1
32174,15.230637004794898,46862,4,670,58,35874,12,1
36436,23.70584291233773,178345,4,847,25,41743,60,1
48406,7.83655479266435,113949,19,595,20,8862,12,1
16954,11.189112703544616,193572,14,699,47,43729,60,0
18186,25.183640530009214,150223,25,357,39,43533,36,1
13356,24.074823407242352,23956,32,829,69,2584,60,0
33963,14.653897964845529,108789,29,847,50,4942,36,0
3187,28.859922550836856,109451,23,707,42,34045,60,1
12707,27.766075395863634,137782,22,812,69,35811,60,1
36098,29.057518727805995,22365,8,363,47,7370,24,1
27935,15.697867254694634,92204,2,719,54,44132,24,1
22225,9.936839592142075,156072,35,445,20,13672,12,0
4606,20.666465977283526,77072,6,571,21,8369,24,0
33828,22.119328956979963,72499,21,316,46,8467,36,1
27489,8.136044611263,89211,13,397,49,26935,24,1
15387,24.66207585739765,163979,28,751,40,46721,12,0
4927,5.451505493999013,168408,15,542,36,19865,48,0
7296,17.068209686919584,105220,33,778,32,11551,36,0
31444,13.275406487372372,113847,9,500,68,48652,48,1
47390,23.507576497477103,129459,6,772,33,42384,36,0
47893,12.8190181855454,97755,24,478,40,31417,12,1
3591,25.67017781952582,88783,26,807,57,48597,24,0
45895,19.87383721952026,147851,14,752,63,7897,48,0
49516,24.847334044051802,26472,31,569,54,2469,48,1
27147,29.733515945990593,173452,27,533,18,27661,24,1
39889,21.97895864358892,123152,8,785,36,47604,12,1
2200,29.623757909041103,178352,6,637,54,32397,24,1
16721,5.720908173042634,172931,15,747,52,39819,60,1
20238,13.45349971209521,199474,25,656,47,43332,60,1
12087,7.696331614057729,159334,34,348,34,21827,60,1
31816,11.557623284610989,162138,16,795,56,9782,48,1
24408,25.97219747814436,166626,22,645,66,30398,48,1
40740,5.808081633152257,27008,7,592,43,25688,12,0
1136,18.00457339330984,107851,1,449,30,25644,36,0
18413,19.178217688309324,100799,30,844,39,16003,24,0
49114,19.028778666798903,36238,31,559,63,35313,36,0
19978,16.882426845581392,37153,28,621,40,40433,48,1
1661,24.765074119243884,79353,2,376,61,20033,24,0
36240,8.338577237638779,72092,7,409,60,3907,48,0
28253,12.764425388769684,194224,1,846,50,36499,12,0
27884,20.393151336129318,69104,30,722,44,26768,24,0
33854,22.273784156698895,175355,36,693,52,15283,48,1
11704,15.103710794426407,197501,19,534,29,7685,60,0
39987,26.88428158318083,48887,28,629,26,8273,60,0
25527,15.387334917397858,197244,16,624,51,44666,48,1
17322,15.069403358708328,24355,9,450,31,13478,36,1
48517,5.905181537184624,53701,21,845,54,30444,12,1
7968,18.778533404868348,192606,5,331,20,11368,12,0
28518,22.717020962797626,91442,33,571,61,10017,48,1
47364,7.860954087921202,32279,30,667,61,47591,12,1
28886,12.63581915219677,194563,11,791,38,46389,24,0
2700,24.531423844571304,140738,11,615,24,30679,12,0
29246,14.147985885339386,159333,15,667,50,8273,60,1
36468,11.040061551000997,155546,24,379,52,49245,48,1
24199,21.805016589127806,111414,21,471,28,24570,24,1
45589,9.91896944179139,48390,26,557,62,46400,12,1
33115,27.39132298957942,177997,23,578,49,33110,60,1
6520,7.639959900653524,102174,11,803,39,39708,36,0
45278,22.663745057070674,24787,17,790,59,32552,12,1
37455,17.488717532159377,63724,15,636,36,26430,60,1
21929,26.74823905992484,30663,3,820,53,28575,60,1
42605,8.154877275655915,167192,11,625,54,49775,60,1
15955,21.947372962402195,173812,32,471,28,33635,60,0
45049,19.301365979534538,153107,21,383,58,43436,36,1
14917,17.00225355600116,120271,17,823,30,32938,48,0
5757,17.28518158581671,87388,32,780,45,26358,60,0
14045,23.04942404496327,72335,26,843,66,8769,48,1
42680,28.443541373370554,63315,18,717,32,8259,36,0
5733,7.281291477976202,124922,13,638,30,34283,36,1
31954,5.4875661902630055,66627,24,619,60,29729,24,1
32135,25.142619812030087,159375,33,603,50,8192,24,0
8081,7.704234688768983,69334,23,571,25,34966,60,1
42458,29.667419902010597,85700,37,413,49,17285,48,1
24501,20.48370622397093,59726,22,706,54,22287,36,1
22113,21.271659881353518,50694,4,325,65,47361,12,1
35441,9.972292573450435,182325,35,536,21,45805,24,0
48086,11.007807757416861,175302,23,609,68,31347,24,0
25690,21.483757577481253,83545,35,532,35,40523,12,1
44939,27.743170948354923,167997,4,848,40,8986,48,1
30345,29.559763862939164,26033,38,564,46,2066,48,0
47313,9.95077366577734,82461,5,312,19,42779,48,1
45571,8.352990567744754,22665,35,795,30,30754,60,1
27829,6.410033944019762,47025,3,615,33,18922,60,1
36062,26.707425454033196,174605,9,683,25,36675,12,1
4630,12.367871171411718,196969,0,615,36,48368,36,0
48861,5.045300846731291,97661,20,555,49,43014,12,1
32870,10.595452151410722,140473,39,740,20,35364,36,1
48221,13.511027002485461,40998,38,414,68,45426,12,1
45942,29.77465423741713,81248,36,598,66,29428,60,1
4453,18.08853984642704,124493,2,423,49,19705,48,0
38275,10.117848689877533,43057,30,555,58,42098,24,1
44370,13.370458617836277,99244,26,346,38,24104,12,1
39396,13.257692188921961,117031,16,762,42,30032,12,1
9328,5.493143661579387,132713,22,649,34,35389,24,1
16534,8.379576354285751,125887,12,422,42,10920,12,1
20744,22.37991149258028,87173,26,330,50,42125,48,1
20389,8.006274664268366,58734,19,354,48,46517,24,1
37320,10.76835691515297,82072,12,452,53,36609,24,1
36010,13.76843246010772,114194,23,755,40,14423,48,0
15665,23.943373612557345,159741,2,585,64,37326,48,1
38865,19.560024121698497,133272,9,335,61,32690,24,0
9640,22.224999624714208,87902,0,555,42,45536,48,1
35716,19.175308135504306,142247,12,477,66,25099,48,1
26521,22.089810630546726,169982,13,847,61,37107,48,0
31049,5.071053841599311,76959,32,553,65,33006,24,0
6618,28.272453609285737,116623,1,807,47,49920,12,1
38004,7.773005771870163,151438,1,320,30,24810,36,1
2920,15.15622739942262,68415,38,374,60,22714,24,0
44937,24.275959256121368,144716,30,759,64,32358,36,1
5188,15.880767950235597,141209,3,477,46,32033,48,0
13207,28.671063791687896,29907,33,681,33,7388,48,0
1238,16.689723712469167,115825,18,336,55,26095,12,1
33972,26.873485140066784,52780,36,419,44,10426,48,1
11799,25.270702834056774,55085,8,300,43,7617,36,1
6552,29.52465756996708,40426,23,610,28,40850,24,1
29916,28.163694518774385,199269,12,507,64,40347,24,1
5927,27.45309586782197,27485,29,453,54,13922,12,1
28964,23.29010851298671,69527,18,614,20,25511,36,0
12164,14.174953681705519,144604,9,606,43,39224,48,1
38158,7.653135464122561,111005,13,803,51,25394,60,1
20071,22.21612630660975,78528,39,819,50,28143,12,0
49409,29.466352033449123,140631,19,396,32,2439,12,0
7160,23.165110933296724,47799,3,789,19,27963,60,1
16810,28.218234231933387,197411,37,306,45,10019,24,0
6126,25.107617823887917,167159,38,311,37,22470,24,0
31009,9.07786687791697,158518,4,813,55,27191,24,1
34584,11.230094264782181,114817,31,648,61,42833,60,0
47182,13.546640044058758,78260,5,306,33,48003,48,1
26396,9.206511108450103,165949,13,799,63,45267,48,0
1192,19.54128331682517,175795,5,774,21,26349,36,1
37413,29.386263103373782,32943,13,823,25,8391,36,1
13816,24.036470835903966,161378,11,356,61,29658,24,1
40082,15.584668726686546,187856,26,532,63,8369,60,0
33130,5.112612024507216,141401,25,329,37,38310,12,0
41142,12.831900278454468,171527,11,666,43,9122,48,1
37468,18.168982192305382,181046,7,355,49,11928,60,1
31698,13.106271846299265,47371,9,309,30,34804,36,0
11655,7.775873075596488,118746,15,446,22,42445,48,1
48897,16.069123921547366,121248,25,663,61,38318,48,1
31075,11.331320424142906,155008,7,552,59,37031,60,1
10359,27.730809411537535,184238,28,552,68,47812,36,0
37661,7.543863212525394,45727,19,742,30,45048,60,0
40579,6.22881571811776,134000,16,639,58,42875,12,1
43056,5.132854228871551,83969,18,815,28,39094,48,1
34272,13.201742112141444,179440,16,652,54,24591,60,1
43581,21.509670955022216,88531,38,622,49,13891,60,1
15671,23.260343822044817,59097,0,439,62,43894,12,0
28048,16.331542084543077,186056,28,744,59,41796,60,0
11738,22.108216261381667,70859,13,394,35,7721,48,0
26963,13.997850905384086,195363,16,719,46,18541,24,0
44954,21.69515549966542,173222,12,813,32,26152,24,0
7773,6.014899632559335,173133,28,449,37,49457,36,0
37584,14.768824614175104,180250,33,650,61,7123,12,0
30894,24.77124194082948,76790,26,415,53,5812,36,1
1717,25.075150761475033,85696,32,536,22,36112,24,1
12676,22.903719471892366,35648,28,569,57,20840,12,0
5434,10.10596551424661,81779,36,590,54,1208,60,0
38825,11.180127973265831,126371,38,733,50,18242,60,0
30100,29.902218181612806,56672,18,308,35,19087,48,0
5994,7.584450180048997,89109,23,774,36,1971,24,0
5234,9.516567472560235,54593,13,821,68,29795,60,0
4764,8.250656391253315,164858,36,836,49,33881,12,1
44949,13.19137409209039,29815,4,310,59,983,60,1
38405,10.254395880848083,173038,23,626,39,29941,36,0
35872,17.4421989886943,164866,33,575,58,11502,36,0
43215,16.900517672002998,182495,30,669,18,28577,36,0
24185,27.53764048628258,41302,29,789,42,43731,36,0
44442,5.868498686119537,105140,8,644,37,10354,36,0
42153,12.996989416694085,178907,26,667,52,2127,48,0
12999,19.916447299927256,93356,27,610,62,20023,36,1
37487,20.120044046099096,69282,25,784,23,28850,48,1
3581,17.003155725355228,148451,17,314,23,23860,48,1
3763,25.39163852036584,141347,35,303,67,33328,60,0
28374,6.56805428536147,43814,7,675,54,6652,12,0
39759,25.387194139503396,175161,17,668,66,30979,36,1
11531,17.36885601089259,183818,19,764,20,42769,12,1
26307,8.344017376925054,101673,31,832,54,20771,24,0
31835,27.14254783851194,71940,28,436,48,41250,48,1
12064,21.230719488524088,106796,17,662,52,45597,24,0
12312,9.088642170603482,56476,6,515,62,34677,48,0
38548,5.841243084975665,177355,0,667,32,47867,36,1
37945,8.527741208316233,152841,27,416,34,39998,24,0
48937,20.21994900450984,62278,32,478,32,12881,60,1
7476,9.482405881501212,198066,3,545,22,17331,24,0
25565,10.644076871875702,35634,19,427,39,10719,48,1
3382,5.628493143907854,146259,35,657,63,34116,48,0
23463,23.07326680596509,162037,30,377,28,8572,12,1
46276,25.259109993985927,178638,37,592,45,9896,24,0
34402,24.92120441930308,72196,27,381,31,33077,60,1
27345,8.189203784107105,118679,2,641,56,19798,36,0
45764,27.582528184718985,199357,5,637,20,5789,12,0
27946,21.806970736852,150861,22,395,69,9690,24,1
15162,27.43821555942161,39420,6,444,59,43854,12,0
47773,16.17901261326659,176308,35,820,28,39336,24,1
9397,15.923871527092444,26218,0,696,47,46221,36,0
23335,24.613412967122382,144283,5,656,55,41620,36,1
46095,7.332446386918588,84057,23,485,22,19831,60,1
15394,18.021850915872143,98609,36,842,69,26073,12,0
28197,25.909605890780643,162298,35,450,39,10264,60,1
23010,25.754814076739283,143108,23,618,30,16049,24,0
25123,28.903321408559226,30046,37,358,61,11628,36,1
23387,22.45681483826366,137462,28,309,68,2142,36,0
3890,10.19426573599321,129345,36,423,68,14843,48,0
28769,5.507007872364521,57117,31,655,38,29236,48,1
44626,16.98539496567755,149980,24,645,54,48943,60,1
9026,17.84259664056389,156037,9,536,42,42565,12,1
4306,11.006564612473287,37373,34,632,69,46255,24,0
34665,8.117436178090081,65452,24,316,38,21123,60,0
10277,19.655204154762725,26654,26,723,45,26007,36,0
43239,24.106391850603533,182352,31,623,58,14825,36,1
48664,29.828852589754014,143319,11,322,21,10142,36,1
49008,23.957565430262964,125646,3,758,46,28498,24,1
15683,24.840810356389525,46583,25,759,64,33226,60,0
1670,20.411521955719937,114242,2,820,52,40348,24,0
24675,29.648066474250445,157432,16,720,40,27524,36,1
18889,20.99890962786426,73968,8,702,24,49489,48,0
45535,26.50633215999261,154815,28,630,69,15298,60,0
14006,28.644616156023893,158231,0,756,69,12135,48,0
49536,28.246462512514025,183223,17,782,63,7380,60,0
27531,14.535383594583912,151590,19,797,63,26589,36,0
22639,6.9665514578564665,36652,33,326,26,32466,48,0
17633,9.29684256348117,133114,27,696,40,36788,48,1
35660,6.480582634915187,122489,34,487,20,24920,60,0
4439,7.634923370728501,193420,15,439,26,5643,48,1
33172,9.616281147342441,97001,20,820,21,16729,48,0
36622,13.527357914685044,144269,12,391,66,41284,36,1
12577,18.588491164376897,96757,34,376,42,6610,60,1
12763,22.79205148387715,44395,31,543,23,18522,60,1
21176,10.273183402662799,153407,37,387,65,20773,12,0
45386,21.813060105953483,121978,5,593,35,11804,60,1
25255,22.60647686256049,151572,37,394,62,7816,36,0
42003,18.965558421654734,144541,37,552,24,27473,48,0
20996,27.590446744967764,28083,12,698,52,11932,12,1
36386,7.774870348045266,126598,38,353,48,49410,48,1
22062,9.428036440060488,156615,12,542,55,17494,60,0
36931,15.71662060973712,116171,11,409,49,23709,24,0
36710,8.167818380855971,140423,32,520,52,30189,48,1
35693,19.157403593102188,26613,27,461,45,30905,60,1
36740,14.96001166523561,130033,2,334,61,6487,36,1
